/*******************************************************************************
 * Size: 96 px
 * Bpp: 4
 * Opts: --bpp 4 --size 96 --font Montserrat-Bold.ttf --symbols ABCDEFGHIJKLMNOPQRSTUVWXYZ:1234567890 --format lvgl -o lv_font_montserrat_bold_96.c
 ******************************************************************************/

#ifdef LV_LVGL_H_INCLUDE_SIMPLE
#include "lvgl.h"
#else
#include "lvgl__lvgl/lvgl.h"
#endif

#ifndef LV_FONT_MONTSERRAT_BOLD_96
#define LV_FONT_MONTSERRAT_BOLD_96 1
#endif

#if LV_FONT_MONTSERRAT_BOLD_96

/*-----------------
 *    BITMAPS
 *----------------*/

/*Store the image of the glyphs*/
static LV_ATTRIBUTE_LARGE_CONST const uint8_t glyph_bitmap[] = {
    /* U+0030 "0" */
    0x0, 0xff, 0xe7, 0x11, 0xa2, 0x46, 0x40, 0x1f,
    0xfe, 0x33, 0x7b, 0xef, 0xdc, 0xbb, 0xb3, 0x7f,
    0xae, 0xc, 0x3, 0xff, 0xb6, 0x51, 0xd9, 0x8,
    0x20, 0x1f, 0xc2, 0x8f, 0x9d, 0x26, 0x1, 0xff,
    0xd6, 0x2a, 0xd7, 0x10, 0xf, 0xfe, 0x28, 0xb6,
    0x61, 0x0, 0x3f, 0xfa, 0x43, 0x3a, 0xa0, 0x1f,
    0xfc, 0xb3, 0xbb, 0x10, 0x7, 0xff, 0x3d, 0x3d,
    0x80, 0x3f, 0xf9, 0xe9, 0xac, 0x1, 0xff, 0xcd,
    0x8b, 0x10, 0xf, 0xfe, 0x94, 0xd0, 0x7, 0xff,
    0x2e, 0xdc, 0x3, 0xff, 0xaa, 0xb8, 0x20, 0x1f,
    0xfc, 0x8b, 0x40, 0xf, 0xfe, 0xb9, 0xe0, 0x80,
    0x7f, 0xf1, 0xad, 0x0, 0x3f, 0xfb, 0x25, 0xa0,
    0x1f, 0xfc, 0x59, 0x40, 0xf, 0xfe, 0xd9, 0xd0,
    0x7, 0xff, 0xd, 0x58, 0x3, 0xff, 0xba, 0xae,
    0x1, 0xff, 0xc1, 0x1b, 0x0, 0xff, 0xef, 0xc1,
    0x0, 0x7f, 0xf0, 0x2c, 0x40, 0x3f, 0xfc, 0x1c,
    0x1, 0xff, 0x22, 0x80, 0x7f, 0xf1, 0x92, 0x77,
    0xfe, 0xda, 0x50, 0xf, 0xfe, 0x31, 0xb0, 0x7,
    0xfa, 0x40, 0x3f, 0xf8, 0xa9, 0xb6, 0xc4, 0x1,
    0x12, 0xd7, 0x30, 0x7, 0xff, 0x16, 0x0, 0x3f,
    0x94, 0x80, 0x3f, 0xf8, 0x91, 0x64, 0x1, 0xfc,
    0x33, 0x40, 0x1f, 0xfc, 0x41, 0x70, 0xf, 0xd2,
    0x1, 0xff, 0xc4, 0x97, 0x0, 0xff, 0xe0, 0xad,
    0x80, 0x7f, 0xf1, 0x24, 0x3, 0xe3, 0x30, 0x7,
    0xff, 0xd, 0x98, 0x1, 0xff, 0xc3, 0x49, 0x0,
    0xff, 0xe1, 0x8a, 0x80, 0x7a, 0x80, 0x3f, 0xf8,
    0x63, 0x20, 0x1f, 0xfc, 0x56, 0x40, 0xf, 0xfe,
    0x1f, 0x0, 0x79, 0x80, 0x3f, 0xf8, 0x76, 0x1,
    0xff, 0xc7, 0x80, 0xf, 0xfe, 0x1a, 0x8, 0x6,
    0x40, 0xf, 0xfe, 0x19, 0x28, 0x7, 0xff, 0x1c,
    0xd0, 0x3, 0xff, 0x86, 0xe0, 0x1b, 0x40, 0x3f,
    0xf8, 0x74, 0x1, 0xff, 0xc9, 0xf0, 0xf, 0xfe,
    0x1e, 0x0, 0x64, 0x0, 0xff, 0xe1, 0xb0, 0x7,
    0xff, 0x25, 0x4, 0x3, 0xff, 0x84, 0xa0, 0x10,
    0x90, 0x7, 0xff, 0x8, 0xc4, 0x3, 0xff, 0x94,
    0xe0, 0x1f, 0xfc, 0x32, 0x0, 0x28, 0x7, 0xff,
    0xd, 0x0, 0x3f, 0xf9, 0x78, 0x1, 0xff, 0xc3,
    0x40, 0x1, 0x80, 0x7f, 0xf0, 0xf4, 0x3, 0xff,
    0x96, 0xe0, 0x1f, 0xfc, 0x3f, 0x0, 0x68, 0x7,
    0xff, 0xd, 0x0, 0x3f, 0xf9, 0x64, 0x20, 0x1f,
    0xfc, 0x22, 0x0, 0x30, 0x7, 0xff, 0xc, 0x40,
    0x3f, 0xf9, 0x84, 0x1, 0xff, 0xc2, 0x50, 0x1,
    0x0, 0x7f, 0xf0, 0x88, 0x3, 0xff, 0x9a, 0xc0,
    0x1f, 0xfc, 0x21, 0x0, 0x8, 0x7, 0xff, 0x9,
    0x80, 0x3f, 0xf9, 0xa4, 0x1, 0xff, 0xc3, 0x11,
    0x0, 0x7f, 0xf0, 0xc4, 0x3, 0xff, 0x9b, 0xe0,
    0x1f, 0xfc, 0x33, 0x30, 0x7, 0xff, 0xc, 0xc0,
    0x3f, 0xf9, 0xa2, 0x1, 0xff, 0xc3, 0x11, 0x0,
    0x7f, 0xf0, 0xc4, 0x3, 0xff, 0x9a, 0x60, 0x1f,
    0xfc, 0x37, 0x0, 0xff, 0xf7, 0x8, 0x7, 0xff,
    0x13, 0xc0, 0x3f, 0xf9, 0xa2, 0x1, 0xff, 0xff,
    0x0, 0xff, 0xe2, 0x78, 0x7, 0xff, 0x34, 0x40,
    0x3f, 0xf8, 0x62, 0x1, 0xff, 0xef, 0x10, 0xf,
    0xfe, 0x18, 0x80, 0x7f, 0xf3, 0x4c, 0x3, 0xff,
    0x86, 0xe6, 0x1, 0xff, 0xc3, 0x30, 0xf, 0xfe,
    0x68, 0x80, 0x7f, 0xf0, 0xc4, 0x40, 0x1f, 0xfc,
    0x36, 0x0, 0xff, 0xe6, 0xf0, 0x7, 0xff, 0xc,
    0xc0, 0x80, 0x3f, 0xf8, 0x42, 0x1, 0xff, 0xcd,
    0x30, 0xf, 0xfe, 0x18, 0x80, 0x80, 0x7f, 0xf0,
    0x88, 0x3, 0xff, 0x9a, 0xe0, 0x1f, 0xfc, 0x22,
    0x0, 0x28, 0x7, 0xff, 0xc, 0x80, 0x3f, 0xf9,
    0x84, 0x1, 0xff, 0xc2, 0x60, 0x7, 0x80, 0x7f,
    0xf0, 0xdc, 0x3, 0xff, 0x96, 0x60, 0x1f, 0xfc,
    0x33, 0x0, 0x28, 0x7, 0xff, 0xf, 0x0, 0x3f,
    0xf9, 0x6a, 0x1, 0xff, 0xc3, 0xd0, 0x1, 0x80,
    0x7f, 0xf0, 0xdc, 0x3, 0xff, 0x97, 0xa0, 0x1f,
    0xfc, 0x34, 0x0, 0x8c, 0x3, 0xff, 0x84, 0x26,
    0x1, 0xff, 0xca, 0x40, 0xf, 0xfe, 0x10, 0x88,
    0x2, 0x40, 0xf, 0xfe, 0x1d, 0x0, 0x7f, 0xf2,
    0x58, 0x3, 0xff, 0x86, 0xe0, 0x1a, 0xc0, 0x3f,
    0xf8, 0x6c, 0x20, 0x1f, 0xfc, 0x8b, 0x0, 0xff,
    0xe1, 0xe8, 0x6, 0x32, 0x0, 0xff, 0xe1, 0xc8,
    0x7, 0xff, 0x1d, 0x48, 0x3, 0xff, 0x86, 0x80,
    0x1c, 0xa0, 0x1f, 0xfc, 0x37, 0x20, 0xf, 0xfe,
    0x35, 0x80, 0x7f, 0xf0, 0xd8, 0x3, 0xd4, 0x1,
    0xff, 0xc4, 0xe0, 0xf, 0xfe, 0x2d, 0x8, 0x7,
    0xff, 0xe, 0x80, 0x3c, 0x4a, 0x1, 0xff, 0xc3,
    0x3b, 0x0, 0xff, 0xe1, 0xc2, 0x80, 0x7f, 0xf0,
    0xcc, 0xc0, 0x1f, 0x48, 0x7, 0xff, 0x11, 0x2c,
    0x40, 0x3f, 0xf8, 0x12, 0xe0, 0x1f, 0xfc, 0x48,
    0x0, 0xfc, 0x6a, 0x1, 0xff, 0xc4, 0x4f, 0x70,
    0xf, 0xe5, 0xe6, 0x0, 0xff, 0xe2, 0x1a, 0x0,
    0x7f, 0x40, 0x7, 0xff, 0x14, 0x63, 0xed, 0xd5,
    0x15, 0xeb, 0xa8, 0x40, 0x3f, 0xf8, 0xbe, 0x1,
    0xfe, 0x27, 0x0, 0xff, 0xe3, 0xa4, 0x55, 0xd4,
    0x28, 0x80, 0x7f, 0xf1, 0x98, 0xc0, 0x3f, 0xe8,
    0x30, 0xf, 0xfe, 0xf8, 0xc8, 0x7, 0xff, 0x7,
    0x80, 0x3f, 0xfb, 0xfa, 0x1, 0xff, 0xc2, 0x2a,
    0x0, 0xff, 0xee, 0xc9, 0x80, 0x7f, 0xf0, 0xd6,
    0x0, 0x3f, 0xfb, 0x6e, 0xc0, 0x1f, 0xfc, 0x57,
    0x80, 0xf, 0xfe, 0xcb, 0x40, 0x7, 0xff, 0x1d,
    0xe4, 0x3, 0xff, 0xae, 0xf2, 0x1, 0xff, 0xc9,
    0x6b, 0x10, 0xf, 0xfe, 0xa5, 0x40, 0x7, 0xff,
    0x2d, 0x3d, 0x0, 0x3f, 0xfa, 0x27, 0xaa, 0x1,
    0xff, 0xcd, 0x1b, 0xa2, 0x0, 0xff, 0xe6, 0x8c,
    0xe1, 0x0, 0x7f, 0xf4, 0x17, 0x64, 0x80, 0x3f,
    0xf9, 0x23, 0x1c, 0xc0, 0x1f, 0xfd, 0x46, 0xdc,
    0x61, 0x0, 0xff, 0xe1, 0x8a, 0xdf, 0x38, 0x7,
    0xff, 0x60, 0xe7, 0xb6, 0x59, 0x8, 0x40, 0x31,
    0x1b, 0x4e, 0x75, 0x20, 0x7, 0xff, 0x1c,

    /* U+0031 "1" */
    0x39, 0x9f, 0xfe, 0x83, 0x37, 0xff, 0x4b, 0x0,
    0x3f, 0xff, 0xe0, 0x1f, 0xff, 0xf0, 0xf, 0xff,
    0xf8, 0x7, 0xff, 0xfc, 0x3, 0xff, 0xa4, 0xbf,
    0xff, 0xfc, 0x11, 0x0, 0xff, 0xff, 0x80, 0x7f,
    0xff, 0xc0, 0x3f, 0xff, 0xe0, 0x1f, 0xff, 0xf0,
    0xf, 0xff, 0xf8, 0x7, 0xff, 0xfc, 0x3, 0xff,
    0xfe, 0x1, 0xff, 0xff, 0x0, 0xff, 0xff, 0x80,
    0x7f, 0xff, 0xc0, 0x3f, 0xff, 0xe0, 0x1f, 0xff,
    0xf0, 0xf, 0xff, 0xf8, 0x7, 0xff, 0xfc, 0x3,
    0xff, 0xfe, 0x1, 0xff, 0xff, 0x0, 0xff, 0xff,
    0x80, 0x7f, 0xff, 0xc0, 0x3f, 0xff, 0xe0, 0x1f,
    0xff, 0xf0, 0xf, 0xff, 0xf8, 0x7, 0xff, 0xfa,
    0x5d, 0xff, 0xf8, 0x5e,

    /* U+0032 "2" */
    0x0, 0xff, 0xe5, 0x89, 0x10, 0xcc, 0x42, 0x1,
    0xff, 0xdd, 0x26, 0x9b, 0xef, 0xed, 0xd6, 0x63,
    0x7b, 0xfb, 0x29, 0x8c, 0x3, 0xff, 0xa8, 0x93,
    0xdb, 0x2c, 0x82, 0x1, 0xfc, 0x26, 0xb3, 0x9d,
    0x48, 0x1, 0xff, 0xce, 0x18, 0xeb, 0x61, 0x0,
    0xff, 0xe3, 0x8a, 0xde, 0xb0, 0x7, 0xff, 0x28,
    0x67, 0x9c, 0x40, 0x3f, 0xf9, 0xa5, 0x3c, 0xc0,
    0x1f, 0xfc, 0x78, 0xe6, 0x0, 0xff, 0xe9, 0xc,
    0xd8, 0x80, 0x7f, 0xf0, 0xcf, 0x5c, 0x3, 0xff,
    0xac, 0x9e, 0x60, 0x1f, 0xfc, 0x16, 0xc2, 0x0,
    0xff, 0xec, 0xe, 0x20, 0x7, 0xfd, 0x32, 0x0,
    0xff, 0xee, 0x5a, 0x0, 0x7f, 0x53, 0x0, 0x7f,
    0xf7, 0xac, 0x80, 0x3e, 0xa5, 0x0, 0xff, 0xf0,
    0x70, 0x7, 0x9d, 0x40, 0x3f, 0xfc, 0x26, 0xc0,
    0x19, 0x20, 0x3, 0xff, 0xc7, 0x0, 0x1b, 0x40,
    0x3f, 0xfc, 0x82, 0xc0, 0x14, 0xd0, 0x80, 0x7f,
    0xf1, 0x5, 0xab, 0x3b, 0xfe, 0xec, 0x94, 0x0,
    0xff, 0xe3, 0xd0, 0x6, 0x5f, 0x50, 0xf, 0xfe,
    0xa, 0xe7, 0x4a, 0x98, 0x80, 0x42, 0x6d, 0x7c,
    0xc0, 0x1f, 0xfc, 0x53, 0x10, 0xc, 0x35, 0x62,
    0x1, 0xfc, 0x7b, 0x46, 0x1, 0xff, 0xc0, 0x19,
    0xa0, 0xf, 0xfe, 0x2a, 0x80, 0x79, 0x39, 0x80,
    0x3e, 0x7c, 0x20, 0xf, 0xfe, 0x22, 0xc8, 0x7,
    0xff, 0x10, 0xc0, 0x3f, 0x4d, 0x90, 0x6, 0x98,
    0x0, 0xff, 0xe3, 0xb1, 0x80, 0x7f, 0xf0, 0xf8,
    0x3, 0xf9, 0x35, 0x80, 0x10, 0xc0, 0x1f, 0xfc,
    0x99, 0x0, 0xff, 0xe1, 0x90, 0x7, 0xfd, 0x38,
    0xee, 0x0, 0xff, 0xe5, 0x20, 0x7, 0xff, 0x40,
    0xe0, 0x3, 0xff, 0x96, 0x20, 0x1f, 0xfe, 0xa1,
    0x0, 0xff, 0xf4, 0x88, 0x7, 0xff, 0x8, 0x80,
    0x3f, 0xfb, 0x22, 0x1, 0xff, 0xc3, 0xe0, 0xf,
    0xfe, 0xca, 0x0, 0x7f, 0xf0, 0xc8, 0x3, 0xff,
    0xb3, 0xe0, 0x1f, 0xfc, 0x37, 0x0, 0xff, 0xec,
    0xa, 0x80, 0x7f, 0xf0, 0x84, 0x80, 0x3f, 0xfb,
    0x12, 0x1, 0xff, 0xc3, 0x40, 0xf, 0xfe, 0xc1,
    0x38, 0x7, 0xff, 0xf, 0x80, 0x3f, 0xfb, 0x1c,
    0x1, 0xff, 0xc3, 0x24, 0x0, 0xff, 0xeb, 0xc1,
    0x80, 0x7f, 0xf0, 0xe0, 0x3, 0xff, 0xae, 0xce,
    0x1, 0xff, 0xc3, 0x35, 0x0, 0xff, 0xeb, 0x2c,
    0x80, 0x7f, 0xf1, 0x3c, 0x3, 0xff, 0xac, 0xb4,
    0x1, 0xff, 0xc4, 0x73, 0x0, 0xff, 0xea, 0xb5,
    0x0, 0x7f, 0xf1, 0xe, 0x0, 0x3f, 0xfa, 0xaf,
    0x20, 0x1f, 0xfc, 0x41, 0xe0, 0xf, 0xfe, 0xac,
    0x40, 0x3, 0xff, 0x8b, 0xa4, 0x1, 0xff, 0xd4,
    0x87, 0x0, 0xff, 0xe2, 0xd1, 0x80, 0x7f, 0xf5,
    0x25, 0xc0, 0x3f, 0xf8, 0xb2, 0xa0, 0x1f, 0xfd,
    0x4a, 0x60, 0xf, 0xfe, 0x2c, 0x30, 0x7, 0xff,
    0x52, 0x94, 0x3, 0xff, 0x8b, 0xe, 0x1, 0xff,
    0xd4, 0xb5, 0x0, 0xff, 0xe2, 0xcb, 0x80, 0x7f,
    0xf5, 0x2d, 0x0, 0x3f, 0xf8, 0xb2, 0xc0, 0x1f,
    0xfd, 0x4c, 0x40, 0xf, 0xfe, 0x2d, 0x30, 0x7,
    0xff, 0x4c, 0x70, 0xc0, 0x3f, 0xf8, 0xb6, 0xa0,
    0x1f, 0xfd, 0x31, 0xc3, 0x0, 0xff, 0xe2, 0xda,
    0x0, 0x7f, 0xf4, 0xc7, 0x8, 0x3, 0xff, 0x8b,
    0x88, 0x1, 0xff, 0xd3, 0x2c, 0x20, 0xf, 0xfe,
    0x20, 0xe1, 0x80, 0x7f, 0xf4, 0xcb, 0x8, 0x3,
    0xff, 0x88, 0x38, 0x60, 0x1f, 0xfd, 0x32, 0xc1,
    0x0, 0xff, 0xe2, 0xe, 0x10, 0x7, 0xff, 0x4c,
    0xf0, 0x40, 0x3f, 0xf8, 0x85, 0xe4, 0x1, 0xff,
    0xd3, 0x3c, 0x10, 0xf, 0xfe, 0x21, 0x60, 0x80,
    0x7f, 0xf4, 0xd3, 0x0, 0x3f, 0xf8, 0xa7, 0x82,
    0x1, 0xff, 0xd3, 0x4b, 0x0, 0xff, 0xe2, 0x9e,
    0x88, 0x7, 0xff, 0x4d, 0x6c, 0x3, 0xff, 0x8a,
    0x98, 0x20, 0x1f, 0xfd, 0x36, 0xa0, 0xf, 0xfe,
    0x2a, 0x58, 0x7, 0xff, 0x51, 0xa4, 0x3, 0xff,
    0x8c, 0xdb, 0xbf, 0xfc, 0xfc, 0x0, 0xcf, 0x20,
    0x1f, 0xfc, 0x72, 0x2f, 0xfe, 0x81, 0x80, 0x4f,
    0x0, 0x1f, 0xfe, 0x8a, 0x0, 0xff, 0xff, 0x80,
    0x7f, 0xff, 0xc0, 0x3f, 0xff, 0xe0, 0x1f, 0xff,
    0xf0, 0xf, 0xff, 0xf8, 0x7, 0xff, 0xfc, 0x3,
    0xff, 0xfe, 0x1, 0xff, 0x0,

    /* U+0033 "3" */
    0x0, 0xd7, 0xff, 0xff, 0xe2, 0x40, 0xf, 0xff,
    0xf8, 0x7, 0xff, 0xfc, 0x3, 0xff, 0xfe, 0x1,
    0xff, 0xff, 0x0, 0xff, 0xff, 0x80, 0x7f, 0xff,
    0xc0, 0x3f, 0xff, 0xe0, 0x1f, 0xfc, 0xb1, 0x50,
    0xf, 0xff, 0x4e, 0x88, 0x7, 0xd8, 0xcd, 0xff,
    0xcf, 0x40, 0xf, 0xfe, 0x25, 0x98, 0x7, 0xe7,
    0x99, 0xff, 0xe7, 0x43, 0x0, 0x7f, 0xf0, 0xe5,
    0x0, 0x3f, 0xfb, 0x1a, 0x40, 0x1f, 0xfc, 0x27,
    0x60, 0xf, 0xfe, 0xc5, 0x18, 0x7, 0xff, 0x9,
    0x60, 0x3, 0xff, 0xb1, 0x2a, 0x1, 0xff, 0xc2,
    0x3a, 0x0, 0xff, 0xec, 0x3b, 0x0, 0x7f, 0xf0,
    0x8b, 0x40, 0x3f, 0xfb, 0xb, 0x0, 0x1f, 0xfc,
    0x21, 0xf1, 0x0, 0xff, 0xeb, 0x9d, 0x0, 0x7f,
    0xf0, 0xf4, 0x80, 0x3f, 0xfa, 0xe5, 0xa0, 0x1f,
    0xfc, 0x3a, 0x30, 0xf, 0xfe, 0xb8, 0xf8, 0x80,
    0x7f, 0xf0, 0xa1, 0x40, 0x3f, 0xfb, 0x1a, 0x40,
    0x1f, 0xfc, 0x26, 0x70, 0xf, 0xfe, 0xc5, 0x98,
    0x7, 0xff, 0x9, 0x24, 0x3, 0xff, 0xb1, 0x28,
    0x1, 0xff, 0xc2, 0x3b, 0x0, 0xff, 0xec, 0x3b,
    0x0, 0x7f, 0xf0, 0x87, 0x40, 0x3f, 0xfb, 0xb,
    0x0, 0x1f, 0xfc, 0x21, 0xc1, 0x0, 0xff, 0xeb,
    0x9d, 0x0, 0x7f, 0xf0, 0xd1, 0x80, 0x3f, 0xfb,
    0x1a, 0x1, 0xff, 0xc4, 0x5b, 0xfc, 0x72, 0x0,
    0xff, 0xea, 0x8, 0x7, 0xff, 0x1c, 0xe3, 0x71,
    0x40, 0x3f, 0xfd, 0x27, 0x5a, 0x80, 0x1f, 0xfe,
    0x92, 0xb9, 0x0, 0xff, 0xf5, 0x36, 0x8, 0x7,
    0xff, 0xa4, 0xf0, 0x40, 0x3f, 0xfd, 0x25, 0x82,
    0x1, 0xff, 0xe9, 0x2a, 0x0, 0xff, 0xf5, 0x23,
    0x0, 0x7f, 0xfa, 0xa4, 0x40, 0x3f, 0xf9, 0x28,
    0x9f, 0x8c, 0x84, 0x3, 0xff, 0x95, 0x20, 0x1f,
    0xfc, 0x9b, 0xbf, 0xd9, 0xbd, 0xf9, 0x6, 0x1,
    0xff, 0xc6, 0x70, 0xf, 0xfe, 0xa9, 0xbe, 0x60,
    0xc0, 0x3f, 0xf8, 0xaa, 0x1, 0xff, 0xd7, 0x3c,
    0x60, 0xf, 0xfe, 0x27, 0x80, 0x7f, 0xf6, 0x65,
    0x0, 0x3f, 0xf8, 0x68, 0x1, 0xff, 0xda, 0xa0,
    0xf, 0xfe, 0x18, 0x88, 0x3, 0xff, 0xb2, 0x2a,
    0x1, 0xff, 0xc3, 0x20, 0xf, 0xfe, 0xd6, 0x0,
    0x7f, 0xf0, 0xd8, 0x3, 0xff, 0xb4, 0x40, 0x1f,
    0xff, 0xf0, 0xf, 0xfe, 0xb1, 0x0, 0x7f, 0xfa,
    0xbc, 0x3, 0xff, 0x86, 0xc0, 0x1e, 0x7e, 0x40,
    0xf, 0xfe, 0x80, 0xb0, 0x7, 0xff, 0xc, 0x80,
    0x3d, 0x23, 0x74, 0x40, 0x1f, 0xfc, 0xe8, 0x0,
    0xff, 0xe1, 0x88, 0x80, 0x39, 0xc4, 0x0, 0xbb,
    0x24, 0x1, 0xff, 0xcb, 0x76, 0x0, 0xff, 0xe1,
    0xa0, 0x7, 0xa4, 0x3, 0x9b, 0x6d, 0x40, 0x3f,
    0xf8, 0xe3, 0x50, 0x1, 0xff, 0xc4, 0xf0, 0xe,
    0x71, 0x0, 0xf9, 0x2b, 0xe9, 0x44, 0x3, 0xff,
    0x82, 0x51, 0xea, 0x1, 0xff, 0xc5, 0x50, 0xe,
    0x90, 0xf, 0xf9, 0x6b, 0xb9, 0x70, 0xca, 0x86,
    0x72, 0xb4, 0xee, 0x9c, 0x40, 0x3f, 0xf8, 0xac,
    0x1, 0xce, 0x20, 0x1f, 0xfc, 0x21, 0x47, 0x9a,
    0xbc, 0xca, 0xa5, 0x88, 0x3, 0xff, 0x91, 0x60,
    0x1d, 0x20, 0x1f, 0xfe, 0x37, 0x20, 0xc, 0xe2,
    0x1, 0xff, 0xe2, 0x18, 0x0, 0xe9, 0x0, 0xff,
    0xf1, 0xe8, 0x7, 0x38, 0x80, 0x7f, 0xf8, 0xa4,
    0xc0, 0x3a, 0x40, 0x3f, 0xfc, 0x50, 0xc0, 0x1e,
    0xc3, 0x0, 0xff, 0xf0, 0x4b, 0x80, 0x7c, 0x59,
    0x22, 0x1, 0xff, 0xdc, 0x1b, 0x60, 0xf, 0xf3,
    0x74, 0x8, 0x7, 0xff, 0x65, 0x7d, 0x0, 0x3f,
    0xf8, 0x2f, 0xd4, 0x60, 0x1f, 0xfd, 0x53, 0xca,
    0x10, 0xf, 0xfe, 0x22, 0xe6, 0xc1, 0x80, 0x7f,
    0xf4, 0x16, 0xf0, 0xc0, 0x3f, 0xf9, 0x4, 0xf9,
    0xd4, 0xc6, 0x1, 0xff, 0xc9, 0x49, 0xea, 0x40,
    0xf, 0xfe, 0x68, 0xac, 0xe7, 0xe5, 0x3a, 0x99,
    0x8, 0x7, 0x9, 0x1a, 0xbd, 0x6f, 0xdb, 0x8,
    0x7, 0xff, 0xc,

    /* U+0034 "4" */
    0x0, 0xff, 0xea, 0x24, 0x47, 0xff, 0xd, 0x80,
    0x3f, 0xfc, 0x45, 0x6e, 0xff, 0xfc, 0x32, 0x0,
    0xff, 0xf1, 0x70, 0x7, 0xff, 0xd, 0xd0, 0x3,
    0xff, 0xc3, 0x6, 0x1, 0xff, 0xc2, 0x38, 0x0,
    0xff, 0xf0, 0xa3, 0x80, 0x7f, 0xf0, 0xf8, 0x3,
    0xff, 0xc2, 0x34, 0x1, 0xff, 0xc3, 0xa2, 0x0,
    0xff, 0xf0, 0xe8, 0x80, 0x7f, 0xf0, 0x95, 0x40,
    0x1f, 0xfe, 0x18, 0x30, 0xf, 0xfe, 0x11, 0x50,
    0x7, 0xff, 0x85, 0x1c, 0x3, 0xff, 0x87, 0xc0,
    0x1f, 0xfe, 0x11, 0xa0, 0xf, 0xfe, 0x1c, 0x18,
    0x7, 0xff, 0x86, 0x84, 0x3, 0xff, 0x84, 0x8e,
    0x1, 0xff, 0xe1, 0x74, 0x0, 0xff, 0xe1, 0xd,
    0x0, 0x7f, 0xf8, 0x4e, 0x0, 0x3f, 0xf8, 0x74,
    0x20, 0x1f, 0xfe, 0x1, 0xd0, 0xf, 0xfe, 0x1b,
    0x20, 0x7, 0xff, 0x86, 0xc4, 0x3, 0xff, 0x84,
    0x52, 0x1, 0xff, 0xe1, 0x65, 0x0, 0xff, 0xe1,
    0xf8, 0x7, 0xff, 0x84, 0xa4, 0x3, 0xff, 0x87,
    0x24, 0x1, 0xff, 0xe1, 0xf0, 0xf, 0xfe, 0x1a,
    0x30, 0x7, 0xff, 0x86, 0x88, 0x3, 0xff, 0x84,
    0x34, 0x1, 0xff, 0xe1, 0x55, 0x0, 0x7f, 0xf0,
    0xe8, 0x40, 0x3f, 0xfc, 0x5, 0x40, 0x1f, 0xfc,
    0x37, 0x40, 0xf, 0xff, 0xf, 0x80, 0x7f, 0xf0,
    0xce, 0x0, 0x3f, 0xfc, 0x32, 0x40, 0x1f, 0xfc,
    0x3e, 0x0, 0xff, 0xf0, 0xab, 0x0, 0x7f, 0xf0,
    0xe8, 0x80, 0x3f, 0xfc, 0x5, 0x60, 0x1f, 0xfc,
    0x35, 0x50, 0x7, 0xff, 0x87, 0x84, 0x3, 0xff,
    0x84, 0x54, 0x1, 0xff, 0xe1, 0x83, 0x0, 0xff,
    0xe1, 0xf0, 0x7, 0xff, 0x85, 0x1c, 0x3, 0xff,
    0x87, 0x6, 0x1, 0xff, 0xe0, 0x1a, 0x0, 0xff,
    0xe1, 0xa3, 0x80, 0x7c, 0x51, 0x1f, 0xfc, 0x22,
    0x0, 0xff, 0xe5, 0x50, 0x80, 0x7f, 0xf0, 0x86,
    0x80, 0x3f, 0x3b, 0xff, 0xf1, 0x0, 0x3f, 0xf9,
    0x2e, 0x80, 0x1f, 0xfc, 0x3a, 0x10, 0xf, 0xff,
    0x1, 0xc0, 0x7, 0xff, 0xd, 0x90, 0x3, 0xff,
    0xc0, 0x3a, 0x1, 0xff, 0xc3, 0x29, 0x0, 0xff,
    0xf0, 0xd0, 0x80, 0x7f, 0xf0, 0xfc, 0x3, 0xff,
    0xc2, 0xe8, 0x1, 0xff, 0xc3, 0x92, 0x0, 0xff,
    0xf0, 0x1c, 0x0, 0x7f, 0xf0, 0xd1, 0x80, 0x3f,
    0xfc, 0x3c, 0x1, 0xff, 0xc3, 0x1a, 0x0, 0xff,
    0xf0, 0xd1, 0x0, 0x7f, 0xf0, 0xe8, 0x40, 0x3f,
    0xfc, 0xc, 0xa0, 0x1f, 0xfc, 0x37, 0x40, 0xf,
    0xff, 0x1, 0x48, 0x7, 0xff, 0xc, 0xe0, 0x3,
    0xff, 0xc3, 0xe0, 0x1f, 0xfc, 0x4e, 0x0, 0xff,
    0xf0, 0xc9, 0x0, 0x7f, 0xf1, 0x3f, 0x77, 0xff,
    0x89, 0x60, 0x1f, 0xfc, 0x2b, 0xdd, 0xff, 0x18,
    0x2b, 0x0, 0x7f, 0xf1, 0x48, 0xbf, 0xf8, 0xa2,
    0x1, 0xff, 0xc2, 0x12, 0x2f, 0xf3, 0x85, 0x0,
    0x7f, 0xff, 0xc0, 0x3f, 0xff, 0xe0, 0x1f, 0xff,
    0xf0, 0xf, 0xff, 0xf8, 0x7, 0xff, 0xfc, 0x3,
    0xff, 0xfe, 0x1, 0xff, 0xff, 0x0, 0xff, 0xff,
    0x80, 0x7f, 0xff, 0xc0, 0x3f, 0xfa, 0x1f, 0xff,
    0xfd, 0x82, 0x0, 0xff, 0xe1, 0x57, 0xff, 0xf9,
    0x0, 0x3f, 0xff, 0xe0, 0x1f, 0xff, 0xf0, 0xf,
    0xff, 0xf8, 0x7, 0xff, 0xfc, 0x3, 0xff, 0xfe,
    0x1, 0xff, 0xff, 0x0, 0xff, 0xff, 0x80, 0x7f,
    0xff, 0xc0, 0x3f, 0xff, 0xe0, 0x1f, 0xff, 0xf0,
    0xf, 0xff, 0xf8, 0x7, 0xff, 0x82, 0xdd, 0xff,
    0xf8, 0x60, 0x1f, 0xf0,

    /* U+0035 "5" */
    0x0, 0xfe, 0xaf, 0xff, 0xfe, 0xe3, 0x0, 0x7f,
    0xf0, 0x44, 0x3, 0xff, 0xd4, 0xc0, 0x1f, 0xfe,
    0xa3, 0x0, 0xff, 0xf5, 0x8, 0x7, 0xff, 0xa4,
    0x40, 0x3f, 0xfd, 0x44, 0x1, 0xff, 0xea, 0x70,
    0xf, 0xff, 0x50, 0x80, 0x7f, 0xfa, 0x88, 0x3,
    0xff, 0xd5, 0xe0, 0x1f, 0xfe, 0xa2, 0x0, 0xff,
    0xf5, 0x8, 0x7, 0xff, 0x4, 0xd9, 0xbf, 0xf9,
    0xea, 0x1, 0xff, 0xc0, 0x60, 0xf, 0xfe, 0xc,
    0xcf, 0xff, 0x40, 0xc0, 0x3f, 0xf8, 0x6, 0x1,
    0xff, 0xc1, 0x60, 0xf, 0xfe, 0xe0, 0x80, 0x7f,
    0xf0, 0x44, 0x3, 0xff, 0xb6, 0x20, 0x1f, 0xfc,
    0x23, 0x0, 0xff, 0xed, 0x90, 0x7, 0xff, 0x8,
    0x40, 0x3f, 0xfb, 0x6e, 0x1, 0xff, 0xc1, 0x10,
    0xf, 0xfe, 0xe0, 0x80, 0x7f, 0xf0, 0x48, 0x3,
    0xff, 0xb8, 0x40, 0x1f, 0xfc, 0x17, 0x0, 0xff,
    0xee, 0x78, 0x7, 0xff, 0x4, 0x80, 0x3f, 0xfb,
    0x84, 0x1, 0xff, 0xc1, 0x10, 0xf, 0xfe, 0xe0,
    0x80, 0x7f, 0xf0, 0x7c, 0x3, 0xff, 0xb8, 0xc0,
    0x1f, 0xfc, 0x12, 0x0, 0xff, 0xee, 0x18, 0x7,
    0xff, 0x6, 0x6e, 0xfe, 0xa9, 0x87, 0x53, 0x10,
    0xf, 0xfe, 0x70, 0x80, 0x7f, 0xf0, 0x4d, 0x13,
    0xe5, 0x67, 0x8a, 0xce, 0xe5, 0x31, 0x0, 0x7f,
    0xf2, 0x44, 0x3, 0xff, 0xa2, 0x2b, 0x3b, 0xa7,
    0x10, 0xf, 0xfe, 0x31, 0x0, 0x7f, 0xf5, 0x4a,
    0x3a, 0x88, 0x3, 0xff, 0x88, 0xe0, 0x1f, 0xfd,
    0x85, 0xd8, 0x0, 0xff, 0xe1, 0x88, 0x7, 0xff,
    0x69, 0xf4, 0xc0, 0x3f, 0xf8, 0x24, 0x1, 0xff,
    0xdb, 0x2c, 0x50, 0xf, 0xfe, 0x7, 0x80, 0x7f,
    0xf7, 0x69, 0x40, 0x3f, 0xe2, 0x0, 0xff, 0xef,
    0x52, 0x0, 0x7f, 0x84, 0x3, 0xff, 0xbf, 0x42,
    0x1, 0xfc, 0xc0, 0x1f, 0xfd, 0xf1, 0xb0, 0xf,
    0xe3, 0x0, 0xff, 0xf0, 0x29, 0x80, 0x7e, 0x10,
    0xf, 0xff, 0xc, 0x0, 0x7e, 0xff, 0xff, 0xe4,
    0x76, 0xdc, 0xb9, 0x80, 0x7f, 0xf2, 0x10, 0x80,
    0x3f, 0xf9, 0xe2, 0x48, 0xd1, 0x9f, 0x46, 0x1,
    0xff, 0xc6, 0x50, 0xf, 0xfe, 0xb2, 0xe5, 0x0,
    0x7f, 0xf1, 0x6c, 0x3, 0xff, 0xb0, 0xb8, 0x1,
    0xff, 0xc4, 0x30, 0xf, 0xfe, 0xc9, 0xc8, 0x7,
    0xff, 0x10, 0xc0, 0x3f, 0xfb, 0x2c, 0x20, 0x1f,
    0xfc, 0x36, 0x0, 0xff, 0xed, 0x30, 0x7, 0xff,
    0xc, 0x80, 0x3f, 0xfb, 0x5a, 0x1, 0xff, 0xc3,
    0xf0, 0xf, 0xfe, 0xd3, 0x0, 0x7f, 0xfa, 0x9c,
    0x3, 0xff, 0xd4, 0x20, 0x1f, 0xfc, 0x3e, 0x0,
    0xf8, 0x40, 0x3f, 0xfa, 0x58, 0x1, 0xff, 0xc3,
    0x30, 0xf, 0x2f, 0x30, 0x7, 0xff, 0x40, 0x58,
    0x3, 0xff, 0x86, 0xe0, 0x1e, 0x80, 0x9c, 0x30,
    0xf, 0xfe, 0x74, 0x0, 0x7f, 0xf1, 0x8, 0x3,
    0x94, 0x80, 0x7, 0x96, 0x60, 0x1f, 0xfc, 0xb7,
    0x60, 0xf, 0xfe, 0x1a, 0x0, 0x7a, 0x0, 0x39,
    0x33, 0xc, 0x1, 0xff, 0xc7, 0x19, 0x80, 0xf,
    0xfe, 0x26, 0x80, 0x72, 0x90, 0x7, 0xc7, 0x3f,
    0x6c, 0x40, 0x1f, 0xfc, 0x11, 0x8f, 0x60, 0xf,
    0xfe, 0x2b, 0x80, 0x74, 0x0, 0x7f, 0xc9, 0x3b,
    0xd7, 0xc, 0xa8, 0x67, 0x2b, 0x4e, 0xf3, 0x88,
    0x7, 0xff, 0x15, 0x84, 0x3, 0x31, 0x0, 0x7f,
    0xf0, 0x85, 0x1e, 0x6a, 0xf3, 0x2a, 0x96, 0x20,
    0xf, 0xfe, 0x45, 0x80, 0x75, 0x80, 0x7f, 0xf8,
    0xd8, 0x80, 0x33, 0x10, 0x7, 0xff, 0x88, 0x64,
    0x3, 0xa0, 0x3, 0xff, 0xc7, 0xa0, 0x1c, 0xc2,
    0x1, 0xff, 0xe2, 0x93, 0x0, 0xeb, 0x0, 0xff,
    0xf1, 0x43, 0x0, 0x7b, 0xd0, 0x3, 0xff, 0xc1,
    0x2e, 0x1, 0xf1, 0x5d, 0x10, 0x7, 0xff, 0x70,
    0x71, 0x80, 0x3f, 0xcb, 0xb2, 0x40, 0x1f, 0xfd,
    0x95, 0xf3, 0x0, 0xff, 0xe0, 0xb6, 0xda, 0x0,
    0x7f, 0xf5, 0x4f, 0x28, 0x40, 0x3f, 0xf8, 0x89,
    0x7d, 0x28, 0x1, 0xff, 0xd0, 0x5c, 0xc1, 0x80,
    0x7f, 0xf2, 0x5, 0xaf, 0xed, 0xcc, 0x3, 0xff,
    0x90, 0x29, 0x3d, 0x46, 0x1, 0xff, 0xce, 0x48,
    0xcf, 0xda, 0x75, 0x42, 0x10, 0xe, 0x12, 0x35,
    0x7a, 0xde, 0xb6, 0x10, 0xf, 0xfe, 0x18,

    /* U+0036 "6" */
    0x0, 0xff, 0xe7, 0x12, 0xc5, 0x66, 0xf7, 0xfe,
    0xed, 0xca, 0x86, 0x30, 0xf, 0xfe, 0xb8, 0xb5,
    0x76, 0xd3, 0xa9, 0x90, 0x80, 0x61, 0x23, 0x57,
    0x9c, 0xfc, 0x83, 0x0, 0xff, 0xe8, 0xad, 0xf4,
    0xa8, 0x80, 0x7f, 0xf1, 0xcd, 0xf3, 0xa0, 0x40,
    0x3f, 0xf9, 0x8d, 0xb4, 0x80, 0x1f, 0xfc, 0xe1,
    0x7e, 0xa1, 0x0, 0xff, 0xe4, 0x2e, 0xc9, 0x0,
    0x7f, 0xf4, 0xd7, 0x98, 0x3, 0xff, 0x8a, 0x37,
    0x44, 0x1, 0xff, 0xd7, 0x30, 0xf, 0xfe, 0x22,
    0xfa, 0x0, 0x7f, 0xf6, 0xd, 0x40, 0x3f, 0xf8,
    0x71, 0x42, 0x1, 0xff, 0xd9, 0x90, 0xf, 0xfe,
    0x1d, 0x38, 0x7, 0xff, 0x68, 0xd4, 0x3, 0xff,
    0x85, 0x4a, 0x1, 0xff, 0xdb, 0x80, 0xf, 0xfe,
    0x14, 0xa8, 0x7, 0xff, 0x6c, 0xd0, 0x3, 0xff,
    0x82, 0xec, 0x1, 0xff, 0xdc, 0x80, 0xf, 0xfe,
    0xa, 0x40, 0x7, 0xff, 0x30, 0x48, 0xa1, 0x0,
    0xff, 0x8d, 0x0, 0x3f, 0xf8, 0x3, 0x40, 0x1f,
    0xfc, 0x82, 0x7b, 0xef, 0xed, 0xdb, 0xbf, 0xb2,
    0x54, 0x40, 0x3a, 0x0, 0x3f, 0xf8, 0x30, 0x20,
    0x1f, 0xfc, 0x66, 0xdd, 0x42, 0x8, 0x7, 0xc2,
    0x6d, 0x5d, 0x68, 0x0, 0x34, 0x0, 0xff, 0xe0,
    0x1b, 0x0, 0x7f, 0xf1, 0x53, 0x64, 0x80, 0x3f,
    0xf8, 0x89, 0x78, 0x50, 0x1, 0xff, 0xc1, 0xf0,
    0xf, 0xfe, 0x2c, 0xd9, 0x0, 0x7f, 0xf2, 0xf,
    0x50, 0x3, 0xff, 0x80, 0xa6, 0x1, 0xff, 0xc4,
    0xc6, 0x0, 0xff, 0xec, 0xc8, 0x7, 0xff, 0x13,
    0xc, 0x3, 0xff, 0xb2, 0x66, 0x0, 0xff, 0xe1,
    0xc9, 0x80, 0x7f, 0xf6, 0xa4, 0x3, 0xff, 0x86,
    0x8c, 0x1, 0xff, 0xdb, 0x50, 0xf, 0xfe, 0x1c,
    0x80, 0x7f, 0xf6, 0xd4, 0x3, 0xff, 0x86, 0xc4,
    0x1, 0xff, 0xdb, 0xc0, 0xf, 0xfe, 0x1d, 0x80,
    0x7f, 0xf7, 0x1c, 0x3, 0xff, 0x84, 0x44, 0x0,
    0xff, 0xed, 0x88, 0x80, 0x3f, 0xf8, 0x4a, 0x1,
    0xff, 0xdc, 0x40, 0xf, 0xfe, 0x1e, 0x0, 0x7f,
    0x1b, 0x45, 0x5d, 0xea, 0x86, 0x30, 0xf, 0xfe,
    0x3e, 0x80, 0x7f, 0xf0, 0xd0, 0x3, 0x89, 0xf3,
    0xf2, 0x5d, 0x51, 0x32, 0xbc, 0xe7, 0xe3, 0x90,
    0x7, 0xff, 0xc, 0x80, 0x3f, 0xf8, 0x44, 0x1,
    0x92, 0xf6, 0xc, 0x3, 0xff, 0x84, 0x71, 0xb6,
    0x80, 0x1f, 0xfc, 0x17, 0x0, 0xff, 0xe1, 0x30,
    0x0, 0xae, 0xc8, 0x1, 0xff, 0xc8, 0x4b, 0xc3,
    0x0, 0xff, 0x88, 0x3, 0xff, 0x84, 0x20, 0xda,
    0x80, 0x1f, 0xfc, 0xc3, 0xc8, 0x0, 0xff, 0xe6,
    0x9c, 0xc8, 0x3, 0xff, 0xa0, 0xf8, 0x20, 0x1f,
    0x8, 0x7, 0xff, 0xd, 0x98, 0x1, 0xff, 0xd2,
    0x3c, 0x10, 0xf, 0x18, 0x7, 0xff, 0x90, 0xb0,
    0x40, 0x38, 0x40, 0x3f, 0xfc, 0xa5, 0xa0, 0x1f,
    0xfe, 0xc3, 0x90, 0xf, 0xff, 0x63, 0x20, 0x7,
    0xff, 0xb2, 0x40, 0x3f, 0xf9, 0xe2, 0xd5, 0xbf,
    0xf7, 0x64, 0x20, 0x7, 0xff, 0x18, 0x94, 0x0,
    0x20, 0x1f, 0xfc, 0x91, 0x9e, 0x95, 0x20, 0x8,
    0x4d, 0xef, 0x54, 0x3, 0xff, 0x8b, 0x20, 0x3,
    0x0, 0xff, 0xe4, 0x27, 0xb0, 0x7, 0xfc, 0x55,
    0x40, 0xf, 0xfe, 0x21, 0x90, 0x8, 0x7, 0xff,
    0x1d, 0x2c, 0x40, 0x3f, 0xf8, 0x4b, 0x60, 0x1f,
    0xfc, 0x45, 0x0, 0x8, 0x7, 0xff, 0x14, 0xac,
    0x3, 0xff, 0x8a, 0x90, 0x1, 0xff, 0xc3, 0xc0,
    0x1, 0x80, 0x7f, 0xf1, 0x64, 0x3, 0xff, 0x8e,
    0xe4, 0x1, 0xff, 0xc2, 0x50, 0x3, 0x80, 0x7f,
    0xf1, 0xd, 0x0, 0x3f, 0xf9, 0x14, 0x1, 0xff,
    0xc2, 0x10, 0x1, 0x0, 0x7f, 0xf1, 0x2c, 0x3,
    0xff, 0x92, 0xa0, 0x1f, 0xfc, 0x32, 0xd, 0x0,
    0xff, 0xe2, 0x18, 0x7, 0xff, 0x24, 0x80, 0x3f,
    0xf8, 0x62, 0x8, 0x1, 0xff, 0xc4, 0x60, 0xf,
    0xfe, 0x50, 0x80, 0x7f, 0xf1, 0x4, 0x40, 0x1f,
    0xfd, 0xa3, 0x0, 0xff, 0xe2, 0xb8, 0x7, 0xff,
    0xc, 0x40, 0x3f, 0xf9, 0x46, 0x1, 0xff, 0xc2,
    0x10, 0x6, 0x0, 0x7f, 0xf0, 0xd4, 0x3, 0xff,
    0x92, 0x22, 0x0, 0xff, 0xe1, 0x10, 0x1, 0x40,
    0x3f, 0xf8, 0x78, 0x1, 0xff, 0xc9, 0x40, 0xf,
    0xfe, 0x10, 0x80, 0x66, 0x0, 0xff, 0xe1, 0x28,
    0x80, 0x7f, 0xf2, 0x24, 0x3, 0xff, 0x84, 0xa0,
    0x1a, 0x80, 0x3f, 0xf8, 0x76, 0x1, 0xff, 0xc7,
    0x43, 0x0, 0xff, 0xe1, 0x60, 0x6, 0x34, 0x0,
    0xff, 0xe1, 0x2b, 0x0, 0x7f, 0xf1, 0x46, 0x80,
    0x3f, 0xf8, 0x6a, 0x1, 0xd0, 0x1, 0xff, 0xc3,
    0x97, 0x0, 0xff, 0xe1, 0x8e, 0x8, 0x7, 0xff,
    0x8, 0x88, 0x1, 0xc6, 0x80, 0x1f, 0xfc, 0x38,
    0xb2, 0x0, 0xff, 0xe0, 0x2f, 0x90, 0x7, 0xff,
    0xe, 0xc0, 0x3e, 0x90, 0xf, 0xfe, 0x22, 0x6d,
    0x28, 0x80, 0x78, 0x9f, 0x68, 0x40, 0x3f, 0xf8,
    0x62, 0xc0, 0x1f, 0x14, 0x0, 0x7f, 0xf1, 0x56,
    0xbb, 0x99, 0x96, 0xfe, 0xc1, 0x0, 0x7f, 0xf1,
    0x6c, 0x3, 0xf9, 0xd0, 0x3, 0xff, 0x8e, 0x26,
    0x71, 0x0, 0x7f, 0xf2, 0x11, 0x40, 0x3f, 0xd4,
    0x40, 0x1f, 0xfd, 0xe1, 0xa0, 0xf, 0xf8, 0x7c,
    0x40, 0x3f, 0xfb, 0xba, 0x20, 0x1f, 0xfc, 0x2,
    0xc1, 0x0, 0xff, 0xed, 0xd9, 0x80, 0x7f, 0xf0,
    0x8b, 0xc8, 0x3, 0xff, 0xb3, 0x68, 0x1, 0xff,
    0xc4, 0x1d, 0x60, 0xf, 0xfe, 0xb1, 0x62, 0x0,
    0x7f, 0xf1, 0xe6, 0x84, 0x3, 0xff, 0xa6, 0xba,
    0x60, 0x1f, 0xfc, 0x95, 0xe8, 0x0, 0xff, 0xe8,
    0x1d, 0xd0, 0x7, 0xff, 0x35, 0xfa, 0x8, 0x3,
    0xff, 0x96, 0x75, 0x88, 0x1, 0xff, 0xcf, 0x17,
    0xdc, 0x62, 0x0, 0xff, 0xe2, 0x93, 0xee, 0x28,
    0x7, 0xff, 0x50, 0xe7, 0x7a, 0xe1, 0x4c, 0x84,
    0x3, 0x9, 0xab, 0xd7, 0x6c, 0x10, 0x7, 0xff,
    0xc,

    /* U+0037 "7" */
    0x6d, 0xdf, 0xff, 0x4a, 0x71, 0x17, 0xff, 0xa4,
    0x40, 0x3f, 0xff, 0xe0, 0x1f, 0xff, 0xf0, 0xf,
    0xff, 0xf8, 0x7, 0xff, 0xfc, 0x3, 0xff, 0xfe,
    0x1, 0xff, 0xff, 0x0, 0xff, 0xf0, 0x8, 0x7,
    0xff, 0xa4, 0x90, 0x3, 0xff, 0xd3, 0x40, 0x1f,
    0xfc, 0x3a, 0xff, 0xff, 0xe4, 0xa8, 0x7, 0xff,
    0x11, 0xc0, 0x3f, 0xfb, 0x2, 0xa0, 0x1f, 0xfc,
    0x36, 0x0, 0xff, 0xec, 0xc8, 0x7, 0xff, 0x12,
    0xc0, 0x3f, 0xfb, 0x2c, 0x1, 0xff, 0xc3, 0x42,
    0x0, 0xff, 0xec, 0x30, 0x80, 0x7f, 0xf0, 0xfc,
    0x3, 0xff, 0xb3, 0x60, 0x1f, 0xfc, 0x32, 0x40,
    0xf, 0xfe, 0xc2, 0x10, 0x7, 0xff, 0xe, 0xc0,
    0x3f, 0xfb, 0x3e, 0x1, 0xff, 0xc3, 0x16, 0x0,
    0xff, 0xec, 0x12, 0x0, 0x7f, 0xf0, 0xd8, 0x3,
    0xff, 0xb3, 0x60, 0x1f, 0xfc, 0x49, 0x0, 0xff,
    0xec, 0xb0, 0x7, 0xff, 0xd, 0x44, 0x3, 0xa3,
    0xff, 0xff, 0x82, 0xa0, 0x1f, 0xfc, 0x47, 0x0,
    0xff, 0xe2, 0x48, 0x7, 0xff, 0x66, 0x80, 0x3f,
    0xf8, 0x66, 0x60, 0xf, 0xfe, 0xc2, 0x90, 0x7,
    0xff, 0xe, 0x40, 0x3f, 0xfb, 0x32, 0x1, 0xff,
    0xc3, 0x15, 0x0, 0xff, 0xec, 0x19, 0x80, 0x3f,
    0xf8, 0x6c, 0x1, 0xff, 0xd9, 0x90, 0xf, 0xfe,
    0x24, 0x80, 0x7f, 0xf6, 0x5, 0x40, 0x3f, 0xf8,
    0x6a, 0x20, 0x1f, 0xfd, 0x89, 0x0, 0xff, 0xe2,
    0x48, 0x7, 0xff, 0x65, 0x80, 0x3f, 0xf8, 0x66,
    0x60, 0xf, 0xfe, 0xc3, 0x8, 0x7, 0xff, 0xe,
    0x40, 0x3f, 0xfb, 0x36, 0x1, 0xff, 0xc3, 0x15,
    0x0, 0xff, 0xec, 0x21, 0x0, 0x7f, 0xf0, 0xe4,
    0x3, 0xff, 0xb3, 0xe0, 0x1f, 0xfc, 0x46, 0x0,
    0xff, 0xec, 0x12, 0x0, 0x7f, 0xf0, 0xd8, 0x40,
    0x3f, 0xfb, 0x16, 0x1, 0xff, 0xc4, 0xb0, 0xf,
    0xfe, 0xc0, 0xb0, 0x7, 0xff, 0xd, 0x8, 0x3,
    0xff, 0xb0, 0xc0, 0x1f, 0xfc, 0x4f, 0x0, 0xff,
    0xec, 0xc8, 0x7, 0xff, 0xc, 0x90, 0x3, 0xff,
    0xb0, 0xa2, 0x1, 0xff, 0xc3, 0xa0, 0xf, 0xfe,
    0xcc, 0x80, 0x7f, 0xf1, 0x1c, 0x3, 0xff, 0xb0,
    0x66, 0x0, 0xff, 0xe1, 0xb0, 0x7, 0xff, 0x66,
    0x40, 0x3f, 0xf8, 0x96, 0x1, 0xff, 0xd8, 0x15,
    0x0, 0xff, 0xe1, 0xa1, 0x0, 0x7f, 0xf6, 0x24,
    0x3, 0xff, 0x89, 0xe0, 0x1f, 0xfd, 0x96, 0x0,
    0xff, 0xe1, 0x92, 0x0, 0x7f, 0xf6, 0x18, 0x40,
    0x3f, 0xf8, 0x76, 0x1, 0xff, 0xd9, 0xb0, 0xf,
    0xfe, 0x18, 0xb0, 0x7, 0xff, 0x61, 0x8, 0x3,
    0xff, 0x86, 0xc0, 0x1f, 0xfd, 0x9f, 0x0, 0xff,
    0xe2, 0x48, 0x7, 0xff, 0x60, 0x90, 0x3, 0xff,
    0x86, 0xa2, 0x1, 0xff, 0xd8, 0xb0, 0xf, 0xfe,
    0x24, 0x80, 0x7f, 0xf6, 0x5, 0x80, 0x3f, 0xf8,
    0x66, 0x60, 0xf, 0xfe, 0xc3, 0x0, 0x7f, 0xf1,
    0x24, 0x3, 0xff, 0xb3, 0x20, 0x1f, 0xfc, 0x31,
    0x50, 0xf, 0xfe, 0xc2, 0x88, 0x7, 0xff, 0xd,
    0x80, 0x3f, 0xfb, 0x32, 0x1, 0xff, 0xc4, 0x90,
    0xf, 0xfe, 0xc1, 0x98, 0x3, 0xff, 0x86, 0xa2,
    0x1, 0xff, 0xd8, 0x90, 0xf, 0xfe, 0x24, 0x80,
    0x7f, 0xf6, 0x5, 0x40, 0x3f, 0xf8, 0x66, 0x60,
    0xf, 0xfe, 0xc4, 0x80, 0x7f, 0xf1, 0x24, 0x3,
    0xff, 0xb2, 0xc0, 0x1f, 0xfc, 0x31, 0x50, 0xf,
    0xfe, 0xc3, 0x8, 0x7, 0xff, 0xe, 0x40, 0x3f,
    0xfb, 0x36, 0x1, 0xff, 0xc4, 0x60, 0xf, 0xfe,
    0xc2, 0x10, 0x7, 0xff, 0xd, 0x84, 0x3, 0xff,
    0x98,

    /* U+0038 "8" */
    0x0, 0xff, 0xe5, 0xa, 0x2b, 0x3c, 0x46, 0x76,
    0x42, 0x0, 0xff, 0xee, 0x24, 0x67, 0xf5, 0xd4,
    0xc3, 0xbe, 0x89, 0xbd, 0xfd, 0x96, 0x10, 0xf,
    0xfe, 0xa2, 0x57, 0xdb, 0x98, 0x7, 0xff, 0xc,
    0x9a, 0x7b, 0x18, 0x40, 0x3f, 0xf9, 0xef, 0xd6,
    0xa0, 0x1f, 0xfc, 0xb3, 0x9e, 0x91, 0x0, 0xff,
    0xe5, 0xaf, 0x40, 0x80, 0x7f, 0xf4, 0x1b, 0xa0,
    0x3, 0xff, 0x90, 0x37, 0x42, 0x1, 0xff, 0xd4,
    0x7d, 0x30, 0xf, 0xfe, 0x29, 0xfa, 0x0, 0x7f,
    0xf5, 0xcb, 0x18, 0x3, 0xff, 0x86, 0x78, 0x20,
    0x1f, 0xfd, 0xa9, 0x70, 0xf, 0xfe, 0x9, 0xe0,
    0x7, 0xff, 0x76, 0x1c, 0x3, 0xfe, 0x1d, 0x0,
    0xff, 0xef, 0xc2, 0x0, 0x7f, 0xac, 0x40, 0x3f,
    0xfc, 0x14, 0x20, 0x1f, 0x91, 0x40, 0x3f, 0xfc,
    0x23, 0x0, 0x1f, 0xbc, 0x3, 0xff, 0x8c, 0x4f,
    0x7b, 0xff, 0x75, 0xc1, 0x80, 0x7f, 0xf1, 0x98,
    0x40, 0x3c, 0x48, 0x1, 0xff, 0xc4, 0x1a, 0xd8,
    0x42, 0x0, 0x85, 0x1f, 0x30, 0x80, 0x1f, 0xfc,
    0x56, 0x0, 0xf2, 0x80, 0x7f, 0xf1, 0x13, 0x94,
    0x3, 0xfe, 0x3b, 0x80, 0xf, 0xfe, 0x25, 0x0,
    0x7a, 0xc0, 0x3f, 0xf8, 0x67, 0x60, 0x1f, 0xfc,
    0x37, 0x80, 0xf, 0xfe, 0x19, 0x8, 0x7, 0x18,
    0x7, 0xff, 0xf, 0x80, 0x3f, 0xf8, 0xae, 0x60,
    0x1f, 0xfc, 0x35, 0x0, 0xc2, 0x1, 0xff, 0xc3,
    0x42, 0x0, 0xff, 0xe3, 0x48, 0x7, 0xff, 0xc,
    0xc0, 0x31, 0x80, 0x7f, 0xf0, 0xf4, 0x3, 0xff,
    0x8e, 0x80, 0x1f, 0xfc, 0x3f, 0x0, 0xc2, 0x1,
    0xff, 0xc3, 0x20, 0xf, 0xfe, 0x38, 0x88, 0x3,
    0xff, 0x84, 0x20, 0x1f, 0xfc, 0x87, 0x0, 0xff,
    0xe4, 0x18, 0x7, 0xff, 0x1c, 0x40, 0x3f, 0xf8,
    0x6e, 0x1, 0xff, 0xc8, 0x30, 0xf, 0xfe, 0x10,
    0x80, 0x62, 0x0, 0xff, 0xe1, 0x98, 0x7, 0xff,
    0x1c, 0x44, 0x1, 0xff, 0xc2, 0xe0, 0xe, 0x20,
    0xf, 0xfe, 0x16, 0x0, 0x7f, 0xf1, 0xdc, 0x3,
    0xff, 0x86, 0xa0, 0x1c, 0x80, 0x1f, 0xfc, 0x24,
    0x30, 0xf, 0xfe, 0x35, 0x80, 0x7f, 0xf0, 0xcc,
    0x3, 0xb4, 0x3, 0xff, 0x87, 0xc2, 0x1, 0xff,
    0xc4, 0x92, 0x0, 0xff, 0xe1, 0x28, 0x7, 0x90,
    0x40, 0x3f, 0xf8, 0x45, 0x84, 0x1, 0xff, 0xc2,
    0x96, 0x0, 0xff, 0xe1, 0xc8, 0x7, 0xd0, 0x1,
    0xff, 0xc3, 0x2d, 0x71, 0x0, 0xff, 0x2e, 0xb0,
    0x7, 0xff, 0xc, 0xcc, 0x1, 0xf3, 0x18, 0x7,
    0xff, 0x12, 0x3a, 0xdd, 0x50, 0xcc, 0xaf, 0x5d,
    0x44, 0x1, 0xff, 0xc4, 0xf0, 0xf, 0xee, 0x0,
    0xff, 0xe3, 0x24, 0x55, 0xe6, 0x2a, 0x14, 0x40,
    0x3f, 0xf8, 0xb0, 0x60, 0x1f, 0xc5, 0x60, 0x1f,
    0xfd, 0xf5, 0x70, 0xf, 0xf9, 0x28, 0x3, 0xff,
    0xba, 0xb4, 0x1, 0xff, 0xc1, 0x5c, 0x10, 0xf,
    0xfe, 0xd3, 0xd0, 0x7, 0xff, 0xc, 0xfc, 0x80,
    0x3f, 0xfb, 0x17, 0x0, 0x1f, 0xfc, 0x41, 0xa2,
    0x0, 0xff, 0xec, 0x4a, 0x0, 0x7f, 0xf0, 0xdb,
    0x90, 0x3, 0xff, 0xb2, 0x57, 0x40, 0x1f, 0xfc,
    0x19, 0x90, 0x7, 0xff, 0x75, 0x74, 0x80, 0x3f,
    0xd4, 0xc0, 0x1f, 0xfd, 0xf2, 0xc2, 0x0, 0xfd,
    0x2a, 0x1, 0xff, 0xe1, 0x1c, 0x10, 0xf, 0x33,
    0x0, 0x3f, 0xf9, 0x4, 0x8a, 0xcc, 0x53, 0x0,
    0xff, 0xe4, 0xe, 0x80, 0x71, 0x48, 0x7, 0xff,
    0x14, 0x5b, 0x3f, 0x6e, 0xa6, 0x55, 0x9f, 0xb0,
    0x40, 0x1f, 0xfc, 0x53, 0x70, 0xd, 0x0, 0x1f,
    0xfc, 0x57, 0xe9, 0x30, 0xf, 0xe2, 0x7d, 0xa1,
    0x0, 0xff, 0xe2, 0x40, 0x80, 0x9, 0x40, 0x3f,
    0xf8, 0x63, 0x90, 0x1, 0xff, 0xc3, 0x5f, 0x30,
    0xf, 0xfe, 0x24, 0x80, 0x2c, 0x3, 0xff, 0x89,
    0xa6, 0x1, 0xff, 0xc5, 0x1c, 0x30, 0xf, 0xfe,
    0x1b, 0x0, 0x1c, 0x3, 0xff, 0x87, 0x26, 0x1,
    0xff, 0xc8, 0xd0, 0xf, 0xfe, 0x18, 0xa1, 0x8,
    0x7, 0xff, 0x8, 0x58, 0x3, 0xff, 0x92, 0x2e,
    0x1, 0xff, 0xc3, 0xc7, 0x0, 0xff, 0xe1, 0xb0,
    0x7, 0xff, 0x2e, 0x80, 0x3f, 0xf8, 0x66, 0x40,
    0x1f, 0xfc, 0x3c, 0x0, 0xff, 0xe5, 0x90, 0x80,
    0x7f, 0xf0, 0x9b, 0x80, 0x3f, 0xf8, 0x6c, 0x1,
    0xff, 0xcc, 0x20, 0xf, 0xfe, 0x11, 0x18, 0x7,
    0xff, 0xc, 0xc0, 0x3f, 0xfb, 0x86, 0x1, 0xff,
    0xc3, 0x30, 0xf, 0xff, 0x63, 0x0, 0x7f, 0xf3,
    0xc, 0x3, 0xff, 0x87, 0xc0, 0x1f, 0xfc, 0x3c,
    0x0, 0xff, 0xe5, 0x98, 0x7, 0xff, 0xc, 0x88,
    0x1, 0xff, 0xc3, 0x60, 0xf, 0xfe, 0x5d, 0x0,
    0x7f, 0xf0, 0xdd, 0xc0, 0x1f, 0xfc, 0x31, 0x70,
    0xf, 0xfe, 0x49, 0x30, 0x7, 0xff, 0xf, 0x48,
    0x80, 0x1f, 0xfc, 0x38, 0x30, 0xf, 0xfe, 0x47,
    0x0, 0x7f, 0xf1, 0x10, 0x14, 0x3, 0xff, 0x89,
    0xa6, 0x1, 0xff, 0xc5, 0x1c, 0x30, 0xf, 0xfe,
    0x18, 0x98, 0x50, 0x7, 0xff, 0x10, 0x72, 0x0,
    0x3f, 0xf8, 0x6b, 0xe6, 0x1, 0xff, 0xc4, 0x90,
    0x1, 0x28, 0x7, 0xff, 0x15, 0xfa, 0xc, 0x3,
    0xf8, 0x9f, 0x68, 0x40, 0x3f, 0xf8, 0xac, 0x1,
    0x40, 0x7, 0xff, 0x18, 0x5f, 0x3f, 0x2a, 0x66,
    0xac, 0xed, 0x82, 0x0, 0xff, 0xe3, 0x40, 0x80,
    0x45, 0x0, 0x1f, 0xfc, 0x93, 0x56, 0x69, 0x4c,
    0x40, 0x3f, 0xf9, 0x6, 0xe0, 0x1c, 0xe8, 0x1,
    0xff, 0xe4, 0xe0, 0xf, 0xa8, 0x80, 0x3f, 0xfc,
    0x56, 0x40, 0x1f, 0xe, 0x10, 0x7, 0xff, 0x82,
    0xd0, 0x3, 0xf8, 0x71, 0x0, 0x3f, 0xfb, 0xa3,
    0x88, 0x1, 0xff, 0xd, 0xc0, 0x7, 0xff, 0x6d,
    0x3c, 0xc0, 0x3f, 0xf8, 0x4f, 0x86, 0x1, 0xff,
    0xd7, 0x19, 0xb1, 0x0, 0xff, 0xe2, 0x1e, 0x51,
    0x0, 0x7f, 0xf4, 0xc6, 0x39, 0x80, 0x3f, 0xf9,
    0xb, 0xb6, 0xa0, 0x1f, 0xfc, 0xf3, 0x9e, 0x70,
    0xf, 0xfe, 0x62, 0x57, 0xd2, 0x88, 0x7, 0xff,
    0x21, 0x23, 0x71, 0x80, 0x3f, 0xfa, 0x2b, 0x5d,
    0xca, 0x85, 0x42, 0x10, 0xe, 0x12, 0x35, 0x7a,
    0xdf, 0xb7, 0x20, 0xf, 0xfe, 0x18,

    /* U+0039 "9" */
    0x0, 0xff, 0xe3, 0xa3, 0xd6, 0x6f, 0xff, 0x6e,
    0x54, 0x29, 0x0, 0x7f, 0xf6, 0x45, 0xaf, 0xee,
    0x14, 0xc8, 0x3, 0x88, 0xd5, 0xeb, 0x7a, 0x50,
    0x3, 0xff, 0xa8, 0x75, 0xd2, 0x80, 0x1f, 0xfc,
    0x51, 0x6b, 0xe8, 0x20, 0xf, 0xfe, 0x79, 0x5e,
    0x28, 0x7, 0xff, 0x2c, 0x5f, 0x64, 0x40, 0x3f,
    0xf9, 0x91, 0xa8, 0x1, 0xff, 0xd0, 0x6e, 0x70,
    0xf, 0xfe, 0x48, 0xe3, 0x80, 0x7f, 0xf5, 0x22,
    0xc4, 0x3, 0xff, 0x8c, 0x7e, 0x60, 0x1f, 0xfd,
    0x64, 0xf3, 0x0, 0xff, 0xe2, 0x1e, 0x8, 0x7,
    0xff, 0x60, 0x71, 0x0, 0x3f, 0xf8, 0x45, 0xa0,
    0x1f, 0xfd, 0xcb, 0x40, 0xf, 0xfe, 0xf, 0x88,
    0x7, 0xff, 0x76, 0xc8, 0x3, 0xfe, 0x92, 0x0,
    0xff, 0xef, 0xf8, 0x7, 0xf9, 0x18, 0x3, 0xff,
    0x90, 0x46, 0x70, 0x80, 0x7f, 0xf1, 0xca, 0x40,
    0x3f, 0xa0, 0x3, 0xff, 0x8a, 0x2f, 0x9f, 0xb9,
    0x97, 0x7d, 0xb0, 0x7, 0xff, 0x15, 0x90, 0x3,
    0xe4, 0x30, 0xf, 0xfe, 0x23, 0xf4, 0x18, 0x7,
    0xc9, 0x3e, 0xe0, 0x1f, 0xfc, 0x49, 0x0, 0xfb,
    0xc0, 0x3f, 0xf8, 0x99, 0x0, 0x1f, 0xfc, 0x18,
    0xb0, 0xf, 0xfe, 0x19, 0x30, 0x7, 0x90, 0x3,
    0xff, 0x87, 0x86, 0x1, 0xff, 0xc3, 0x4c, 0x0,
    0xff, 0xe1, 0xc0, 0x7, 0x28, 0x7, 0xff, 0xd,
    0xcc, 0x3, 0xff, 0x8a, 0x70, 0x1, 0xff, 0xc2,
    0x15, 0x0, 0xda, 0x1, 0xff, 0xc2, 0x18, 0x0,
    0xff, 0xe3, 0xb8, 0x80, 0x7f, 0xf0, 0xa4, 0x3,
    0x18, 0x7, 0xff, 0x9, 0xc0, 0x3f, 0xf9, 0x2c,
    0x1, 0xff, 0xc2, 0x32, 0x0, 0x94, 0x3, 0xff,
    0x85, 0x80, 0x1f, 0xfc, 0x9b, 0x0, 0xff, 0xe1,
    0xa8, 0x4, 0x20, 0x1f, 0xfc, 0x27, 0x0, 0xff,
    0xe4, 0x98, 0x7, 0xff, 0xe, 0xc0, 0x3f, 0xf8,
    0xc6, 0x1, 0xff, 0xd9, 0x30, 0x0, 0x80, 0x7f,
    0xfa, 0x90, 0x4, 0x3, 0xff, 0x86, 0x40, 0x1f,
    0xfc, 0x91, 0x0, 0xff, 0xe2, 0x60, 0x7, 0xff,
    0x15, 0x40, 0x3f, 0xf9, 0x28, 0x1, 0xff, 0xc4,
    0x20, 0x0, 0x80, 0x7f, 0xf0, 0xb4, 0x3, 0xff,
    0x93, 0xe0, 0x1f, 0xfc, 0x47, 0x0, 0x10, 0x7,
    0xff, 0x9, 0x8, 0x3, 0xff, 0x8e, 0x2a, 0x1,
    0xff, 0xc4, 0x20, 0x2, 0x80, 0x7f, 0xf0, 0xe4,
    0x3, 0xff, 0x8f, 0x40, 0x1f, 0xfc, 0x61, 0xc,
    0x0, 0xff, 0xe1, 0xa3, 0x80, 0x7f, 0xf1, 0x61,
    0x0, 0x3f, 0xf8, 0xc4, 0xa, 0x1, 0xff, 0xc4,
    0x88, 0x0, 0x7f, 0xf0, 0xe5, 0xc0, 0x3f, 0xf8,
    0xee, 0x0, 0x50, 0xf, 0xfe, 0x23, 0xe2, 0x0,
    0x7f, 0xcb, 0xac, 0x1, 0xff, 0xc8, 0x10, 0x4,
    0x80, 0x7f, 0xf1, 0x4e, 0xf6, 0x10, 0x80, 0x22,
    0x48, 0xda, 0x20, 0xf, 0xfe, 0x61, 0xa0, 0x7,
    0xff, 0x18, 0x9e, 0xf7, 0xfe, 0xdb, 0x72, 0x0,
    0xff, 0xe5, 0x98, 0x5, 0x20, 0x1f, 0xfe, 0xc2,
    0x80, 0xf, 0xff, 0x63, 0xa8, 0x7, 0xff, 0x98,
    0xc0, 0x3a, 0x8c, 0x3, 0xff, 0xd9, 0x86, 0x1,
    0xff, 0xe4, 0x10, 0xf, 0xb1, 0x40, 0x3f, 0xfa,
    0x47, 0x20, 0x1f, 0xfc, 0x37, 0x0, 0xfd, 0x52,
    0x1, 0xff, 0xd0, 0x6c, 0x0, 0xff, 0xe2, 0x10,
    0x7, 0xf3, 0x72, 0x80, 0x7f, 0xf3, 0xa, 0xe4,
    0x4, 0x3, 0xff, 0x86, 0x20, 0x1f, 0xe1, 0xad,
    0x50, 0xf, 0xfe, 0x41, 0x56, 0xa0, 0x3, 0x40,
    0x3f, 0xf8, 0x44, 0x1, 0xff, 0xc1, 0x2a, 0xe9,
    0x40, 0xf, 0xfe, 0x11, 0x3e, 0x6a, 0x80, 0x66,
    0x0, 0xff, 0xe1, 0x38, 0x7, 0xff, 0xc, 0x5a,
    0xff, 0x25, 0xd5, 0x13, 0x2b, 0x45, 0xf6, 0xc1,
    0x80, 0x78, 0xc0, 0x3f, 0xf8, 0x5a, 0x1, 0xff,
    0xc7, 0x36, 0x8a, 0xbb, 0xd5, 0x2e, 0x82, 0x1,
    0xf9, 0x0, 0x3f, 0xf8, 0x66, 0x1, 0xff, 0xdc,
    0xd0, 0xf, 0xfe, 0x1a, 0x0, 0x7f, 0xf7, 0x1c,
    0x3, 0xff, 0x84, 0x60, 0x1f, 0xfd, 0xc6, 0x10,
    0xf, 0xfe, 0x15, 0x80, 0x7f, 0xf7, 0x2c, 0x3,
    0xff, 0x86, 0xa0, 0x1f, 0xfd, 0xb7, 0x20, 0xf,
    0xfe, 0x11, 0x90, 0x7, 0xff, 0x68, 0xe0, 0x3,
    0xff, 0x87, 0x40, 0x1f, 0xfd, 0xa2, 0xd0, 0xf,
    0xfe, 0x18, 0xb0, 0x7, 0xff, 0x64, 0xbc, 0x40,
    0x3f, 0xf8, 0x72, 0x1, 0xff, 0xd9, 0x4c, 0x20,
    0xf, 0xfe, 0x18, 0xb8, 0x7, 0xff, 0x0, 0x79,
    0x80, 0x3f, 0xf9, 0x3, 0x36, 0x20, 0x1f, 0xfc,
    0x48, 0x0, 0xff, 0xe0, 0xc0, 0xce, 0xb0, 0x7,
    0xff, 0x10, 0x63, 0x98, 0x3, 0xff, 0x8a, 0x6c,
    0x1, 0xff, 0xc0, 0x16, 0x0, 0x14, 0xfd, 0xba,
    0x10, 0x7, 0xc2, 0x8f, 0x9c, 0xe0, 0x1f, 0xfc,
    0x7e, 0x0, 0xff, 0xe0, 0xc0, 0x7, 0x92, 0x2f,
    0x7f, 0xb7, 0x77, 0xf5, 0xc1, 0x80, 0x7f, 0xf2,
    0x24, 0x80, 0x3f, 0xf8, 0x2, 0xc0, 0x1f, 0xf0,
    0x91, 0x60, 0xf, 0xfe, 0x63, 0x30, 0x3, 0xff,
    0x83, 0x0, 0x1f, 0xfd, 0xc4, 0x90, 0xf, 0xfe,
    0x8, 0xb0, 0x7, 0xff, 0x6c, 0xec, 0x3, 0xff,
    0x85, 0x0, 0x1f, 0xfd, 0xb3, 0xc0, 0xf, 0xfe,
    0x10, 0xb0, 0x7, 0xff, 0x69, 0x70, 0x3, 0xff,
    0x87, 0x0, 0x1f, 0xfd, 0xa8, 0xa0, 0xf, 0xfe,
    0x18, 0xb0, 0x7, 0xff, 0x60, 0xb1, 0xc0, 0x3f,
    0xf8, 0x84, 0x20, 0x1f, 0xfd, 0x79, 0xd3, 0x0,
    0xff, 0xe2, 0x9f, 0x40, 0x7, 0xff, 0x4c, 0x5f,
    0x98, 0x3, 0xff, 0x92, 0xff, 0x26, 0x1, 0xff,
    0xce, 0x39, 0xe8, 0x10, 0xf, 0xfe, 0x63, 0x66,
    0xc2, 0x0, 0x7f, 0xf2, 0x12, 0x37, 0x18, 0x3,
    0xff, 0xa2, 0x4f, 0x7f, 0xb4, 0xea, 0x64, 0x20,
    0x1c, 0x26, 0x8f, 0x39, 0xf6, 0xe4, 0x1, 0xff,
    0xca,

    /* U+003A ":" */
    0x0, 0xf2, 0xce, 0x6e, 0x53, 0x8, 0x7, 0xf3,
    0x75, 0x31, 0x91, 0xac, 0xf4, 0x0, 0x7d, 0x52,
    0x20, 0x1f, 0x9f, 0x44, 0x3, 0x5a, 0x80, 0x7f,
    0xc5, 0x80, 0x13, 0x20, 0x7, 0xff, 0x4, 0xa4,
    0x1, 0x0, 0x1f, 0xfc, 0x36, 0x25, 0x10, 0xf,
    0xfe, 0x22, 0xe8, 0x7, 0xff, 0x17, 0x8, 0x3,
    0xff, 0x8a, 0xc2, 0x1, 0xff, 0xc5, 0x31, 0x0,
    0xff, 0xe2, 0x99, 0x0, 0x7f, 0xf1, 0x5b, 0x40,
    0x3f, 0xf8, 0xb8, 0xa2, 0x1, 0xff, 0xc4, 0x50,
    0x80, 0xf, 0xfe, 0x1b, 0x10, 0x32, 0x0, 0x7f,
    0xf0, 0x4a, 0x0, 0x2b, 0x40, 0xf, 0xf8, 0xbc,
    0x40, 0x35, 0xb8, 0x7, 0xf2, 0xe1, 0x0, 0x7a,
    0x39, 0xcc, 0x40, 0x4, 0xd9, 0x42, 0x1, 0xf8,
    0x63, 0x3b, 0xfd, 0xb2, 0x60, 0x1f, 0xff, 0xf0,
    0xf, 0xff, 0xf8, 0x7, 0xff, 0xfc, 0x3, 0xff,
    0xf6, 0xb3, 0x9b, 0x94, 0xc2, 0x1, 0xfc, 0xdd,
    0x4c, 0x64, 0x6b, 0x3d, 0x0, 0x1f, 0x54, 0x88,
    0x7, 0xe7, 0xd1, 0x0, 0xd6, 0xa0, 0x1f, 0xf1,
    0x60, 0x4, 0xc8, 0x1, 0xff, 0xc1, 0x29, 0x0,
    0x40, 0x7, 0xff, 0xd, 0x89, 0x44, 0x3, 0xff,
    0x88, 0xba, 0x1, 0xff, 0xc5, 0xc2, 0x0, 0xff,
    0xe2, 0xb0, 0x80, 0x7f, 0xf1, 0x4c, 0x40, 0x3f,
    0xf8, 0xa6, 0x40, 0x1f, 0xfc, 0x56, 0xd0, 0xf,
    0xfe, 0x2e, 0x28, 0x80, 0x7f, 0xf1, 0x14, 0x20,
    0x3, 0xff, 0x86, 0xc4, 0xc, 0x80, 0x1f, 0xfc,
    0x12, 0x80, 0xa, 0xd0, 0x3, 0xfe, 0x2f, 0x10,
    0xd, 0x6e, 0x1, 0xfc, 0xb8, 0x40, 0x1e, 0x8e,
    0x73, 0x10, 0x1, 0x36, 0x50, 0x80, 0x40,

    /* U+0041 "A" */
    0x0, 0xff, 0xe9, 0x3c, 0x47, 0xff, 0x9, 0x0,
    0x3f, 0xfd, 0xeb, 0xe, 0xff, 0xfc, 0x2a, 0x0,
    0xff, 0xf7, 0xc8, 0x7, 0xff, 0xc, 0x54, 0x3,
    0xff, 0xda, 0x66, 0x0, 0xff, 0xe2, 0x48, 0x7,
    0xff, 0xb6, 0x40, 0x3f, 0xf8, 0xa6, 0x60, 0xf,
    0xff, 0x59, 0x28, 0x7, 0xff, 0x1a, 0x40, 0x3f,
    0xfd, 0x74, 0x1, 0xff, 0xc7, 0x51, 0x0, 0xff,
    0xf5, 0x38, 0x7, 0xff, 0x22, 0x40, 0x3f, 0xfd,
    0x2c, 0x1, 0xff, 0xc9, 0x70, 0xf, 0xff, 0x4d,
    0x80, 0x7f, 0xf2, 0x98, 0x3, 0xff, 0xce, 0x84,
    0x1, 0xff, 0xca, 0xb0, 0xf, 0xff, 0x3c, 0x0,
    0x7f, 0xf2, 0xc9, 0x0, 0x3f, 0xfc, 0xa6, 0x60,
    0xf, 0xfe, 0x64, 0x0, 0x7f, 0xf9, 0x64, 0x3,
    0xff, 0x9a, 0x66, 0x0, 0xff, 0xf1, 0x8a, 0x80,
    0x7f, 0xf3, 0xa4, 0x3, 0xff, 0xc7, 0x20, 0x1f,
    0xfc, 0xf5, 0x10, 0xf, 0xff, 0x13, 0x0, 0x7f,
    0xf0, 0x58, 0x3, 0xff, 0x85, 0x20, 0x1f, 0xfe,
    0x16, 0x10, 0xf, 0xfe, 0xc, 0x20, 0x7, 0xff,
    0x5, 0x80, 0x3f, 0xfc, 0x36, 0x1, 0xff, 0xc1,
    0x51, 0xf0, 0xf, 0xfe, 0x8, 0xb0, 0x7, 0xff,
    0x7d, 0x8, 0x3, 0xff, 0x83, 0x20, 0x82, 0x1,
    0xff, 0xc1, 0xb0, 0xf, 0xfe, 0xff, 0x80, 0x7f,
    0xf0, 0x48, 0xc0, 0x12, 0x1, 0xff, 0xc1, 0x24,
    0x0, 0xff, 0xee, 0x92, 0x0, 0x7f, 0xf0, 0x6c,
    0x2, 0x60, 0xf, 0xfe, 0x17, 0x80, 0x7f, 0xf7,
    0x6c, 0x3, 0xff, 0x84, 0xc0, 0x10, 0xa8, 0x7,
    0xff, 0x5, 0x8, 0x3, 0xff, 0xb6, 0x2c, 0x1,
    0xff, 0xc1, 0x60, 0xe, 0xe0, 0xf, 0xfe, 0x15,
    0x80, 0x7f, 0xf6, 0xd8, 0x3, 0xff, 0x85, 0x60,
    0x1c, 0x84, 0x1, 0xff, 0xc1, 0x61, 0x0, 0xff,
    0xed, 0x48, 0x7, 0xff, 0x4, 0xc8, 0x3, 0xd4,
    0x1, 0xff, 0xc2, 0x60, 0xf, 0xfe, 0xca, 0x88,
    0x7, 0xff, 0x6, 0x40, 0x3e, 0x60, 0xf, 0xfe,
    0x14, 0x80, 0x7f, 0xf6, 0x64, 0x3, 0xff, 0x82,
    0x2a, 0x1, 0xf0, 0xa8, 0x7, 0xff, 0x4, 0x58,
    0x3, 0xff, 0xae, 0x66, 0x0, 0xff, 0xe0, 0xb0,
    0x7, 0xf4, 0x80, 0x7f, 0xf0, 0xac, 0x3, 0xff,
    0xaf, 0x20, 0x1f, 0xfc, 0x2a, 0x0, 0xfe, 0x33,
    0x0, 0x7f, 0xf0, 0x49, 0x0, 0x3f, 0xfa, 0xa4,
    0xa0, 0x1f, 0xfc, 0x14, 0x20, 0xf, 0xf5, 0x0,
    0x7f, 0xf0, 0xbc, 0x3, 0xff, 0xab, 0x40, 0x1f,
    0xfc, 0x2f, 0x0, 0xff, 0x98, 0x3, 0xff, 0x84,
    0x84, 0x1, 0xff, 0xd4, 0x70, 0xf, 0xfe, 0x9,
    0x20, 0x7, 0xff, 0x1, 0x80, 0x3f, 0xf8, 0x56,
    0x1, 0xff, 0xd3, 0x70, 0xf, 0xfe, 0x15, 0x0,
    0x7f, 0xf0, 0x6c, 0x3, 0xff, 0x84, 0xc2, 0x1,
    0xff, 0xd2, 0xa0, 0xf, 0xfe, 0x13, 0x0, 0x7f,
    0xf0, 0x48, 0xc0, 0x3f, 0xf8, 0x4c, 0x1, 0xff,
    0xd1, 0x52, 0x0, 0xff, 0xe0, 0xa8, 0x80, 0x7f,
    0xf0, 0xa4, 0x3, 0xff, 0x85, 0x20, 0x1f, 0xfd,
    0x19, 0x0, 0xff, 0xe1, 0x48, 0x7, 0xff, 0xd,
    0x44, 0x3, 0xff, 0x82, 0x2a, 0x1, 0xff, 0xcf,
    0x33, 0x0, 0x7f, 0xf0, 0x48, 0xc0, 0x3f, 0xf8,
    0x8c, 0x1, 0xff, 0xc2, 0x90, 0xf, 0xfe, 0x7c,
    0x80, 0x7f, 0xf0, 0xac, 0x3, 0xff, 0x8b, 0x40,
    0x1f, 0xfc, 0x23, 0x30, 0x7, 0xff, 0x34, 0x54,
    0x3, 0xff, 0x84, 0xc0, 0x1f, 0xfc, 0x52, 0x40,
    0xf, 0xfe, 0x14, 0x0, 0x7f, 0xf3, 0x64, 0x3,
    0xff, 0x84, 0xc0, 0x1f, 0xfc, 0x7f, 0x0, 0xff,
    0xe1, 0x21, 0x0, 0x7f, 0xf3, 0x18, 0x3, 0xff,
    0x85, 0x60, 0x1f, 0xfc, 0x74, 0x10, 0xf, 0xfe,
    0x15, 0x80, 0x7f, 0xf2, 0xd8, 0x40, 0x3f, 0xf8,
    0x5b, 0xff, 0xff, 0xc8, 0x10, 0xf, 0xfe, 0x13,
    0x0, 0x7f, 0xf2, 0xec, 0x3, 0xff, 0xd0, 0xe0,
    0x1f, 0xfc, 0x94, 0x20, 0xf, 0xff, 0x44, 0x80,
    0x7f, 0xf2, 0x7c, 0x3, 0xff, 0xd2, 0x2a, 0x1,
    0xff, 0xc7, 0x24, 0x0, 0xff, 0xf5, 0x48, 0x7,
    0xff, 0x1e, 0xc0, 0x3f, 0xfd, 0x66, 0x60, 0xf,
    0xfe, 0x28, 0xb0, 0x7, 0xff, 0xb2, 0x40, 0x3f,
    0xf8, 0xac, 0x1, 0xff, 0xed, 0x51, 0x0, 0xff,
    0xe2, 0x48, 0x7, 0xff, 0xba, 0x40, 0x3f, 0xf8,
    0x6a, 0x20, 0x1f, 0xfe, 0xe7, 0x0, 0xff, 0xe1,
    0xc8, 0x7, 0xff, 0xc1, 0x80, 0x3f, 0xf8, 0x28,
    0x60, 0x1f, 0xff, 0xb, 0x0, 0xff, 0xe0, 0xf8,
    0x7, 0xff, 0x8, 0xbf, 0xff, 0xfa, 0x6c, 0x1,
    0xff, 0xc2, 0x24, 0x0, 0xff, 0x89, 0x0, 0x3f,
    0xf8, 0x56, 0x1, 0xff, 0xd3, 0xb0, 0xf, 0xfe,
    0x1c, 0x0, 0x7f, 0xd6, 0x1, 0xff, 0xc3, 0x60,
    0xf, 0xfe, 0x99, 0x20, 0x7, 0xff, 0x8, 0xcc,
    0x1, 0xfc, 0x2c, 0x1, 0xff, 0xc2, 0x60, 0xf,
    0xfe, 0xaf, 0x0, 0x7f, 0xf0, 0xe4, 0x3, 0xf9,
    0x80, 0x3f, 0xf8, 0x74, 0x1, 0xff, 0xd5, 0x51,
    0x0, 0xff, 0xe1, 0x28, 0x80, 0x7e, 0x90, 0xf,
    0xfe, 0x11, 0x98, 0x3, 0xff, 0xac, 0xc0, 0x1f,
    0xfc, 0x39, 0x0, 0xf9, 0x44, 0x3, 0xff, 0x85,
    0x20, 0x1f, 0xfd, 0x79, 0x0, 0xff, 0xe1, 0xb0,
    0x7, 0xd2, 0x1, 0xff, 0xc2, 0x15, 0x0, 0xff,
    0xeb, 0x8a, 0x0, 0x7f, 0xf0, 0x85, 0x80, 0x38,
    0xcc, 0x1, 0xff, 0xc2, 0x60, 0xf, 0xfe, 0xcf,
    0x80, 0x7f, 0xf0, 0xec, 0x3, 0xa4, 0x3, 0xff,
    0x87, 0x40, 0x1f, 0xfd, 0x94, 0x20, 0xf, 0xfe,
    0x11, 0x20, 0x4, 0x2a, 0x1, 0xff, 0xc2, 0x42,
    0x0, 0xff, 0xed, 0x50, 0x7, 0xff, 0xf, 0xc0,
    0x29, 0x0, 0xff, 0xe1, 0xf8, 0x7, 0xff, 0x6d,
    0x80, 0x3f, 0xf8, 0x68, 0x40, 0x6, 0x0, 0xff,
    0xe1, 0xa, 0x0, 0x7f, 0xf6, 0xc5, 0x40, 0x3f,
    0xf8, 0x76, 0xc, 0x20, 0x1f, 0xfc, 0x29, 0x0,
    0xff, 0xee, 0xc8, 0x7, 0xff, 0xd, 0x84, 0xdd,
    0xff, 0xf8, 0x6c, 0x1, 0xff, 0xdd, 0x38, 0x77,
    0xff, 0xe1, 0x90,

    /* U+0042 "B" */
    0xf, 0xff, 0xfe, 0xc7, 0x6d, 0xcb, 0xa0, 0x80,
    0x7f, 0xfb, 0x4, 0x91, 0xa2, 0xfb, 0x92, 0xa0,
    0x1f, 0xff, 0x1, 0x6a, 0xf9, 0x20, 0xf, 0xff,
    0x8b, 0x6d, 0x8, 0x7, 0xff, 0xc5, 0x79, 0x80,
    0x3f, 0xfe, 0x53, 0x40, 0x1f, 0xff, 0x25, 0xb0,
    0xf, 0xff, 0x92, 0x50, 0x7, 0xff, 0xc9, 0x5c,
    0x3, 0xff, 0xe5, 0x4, 0x1, 0xff, 0xf2, 0x80,
    0xf, 0xfe, 0x48, 0x91, 0x7f, 0xf1, 0x4, 0x3,
    0xff, 0x96, 0xa2, 0x1, 0xff, 0xc8, 0x8d, 0xdf,
    0xfe, 0x27, 0x7f, 0x5b, 0x90, 0x7, 0xff, 0x1d,
    0x80, 0x3f, 0xfb, 0x62, 0x91, 0xb6, 0x60, 0x1f,
    0xfc, 0x5b, 0x0, 0xff, 0xef, 0xa6, 0x30, 0x7,
    0xff, 0x10, 0xc0, 0x3f, 0xfc, 0x32, 0x80, 0x1f,
    0xfc, 0x41, 0x0, 0xff, 0xf0, 0xc8, 0x7, 0xff,
    0x10, 0x80, 0x3f, 0xfc, 0x24, 0x80, 0x1f, 0xff,
    0x23, 0x0, 0xff, 0xf9, 0x70, 0x7, 0xff, 0xc,
    0x40, 0x3f, 0xfc, 0x42, 0x1, 0xff, 0xc3, 0x20,
    0xf, 0xff, 0x17, 0x80, 0x7f, 0xf0, 0x88, 0x3,
    0xff, 0xc6, 0x80, 0x1f, 0xfc, 0x24, 0x0, 0xff,
    0xf1, 0x19, 0x80, 0x3f, 0xf8, 0x5a, 0x1, 0xff,
    0xe2, 0xf0, 0xf, 0xfe, 0x10, 0xa0, 0x7, 0xff,
    0x80, 0x6c, 0xc0, 0x3f, 0xf8, 0x50, 0x1, 0xff,
    0xe0, 0x6f, 0x40, 0xf, 0xfe, 0x11, 0x30, 0x7,
    0xff, 0x6c, 0x91, 0xab, 0xe4, 0x40, 0x3f, 0xf8,
    0x7c, 0x1, 0xff, 0xca, 0x9f, 0xff, 0xfe, 0x2e,
    0xdc, 0xa8, 0x7, 0xff, 0x16, 0x4c, 0x3, 0xff,
    0xe1, 0xc, 0x1, 0xff, 0xf0, 0xa7, 0x0, 0xff,
    0xf7, 0x9e, 0xa8, 0x7, 0xff, 0xbc, 0xb8, 0x80,
    0x3f, 0xfe, 0x5, 0xb8, 0x80, 0x1f, 0xff, 0x13,
    0xbb, 0x10, 0x7, 0xff, 0xc5, 0x35, 0x40, 0x3f,
    0xfe, 0x54, 0xe0, 0x1f, 0xff, 0x28, 0x70, 0xf,
    0xff, 0x94, 0x20, 0x7, 0xff, 0x1d, 0x22, 0x3f,
    0xf8, 0xee, 0xc8, 0x20, 0x1f, 0xfc, 0x7a, 0x0,
    0xff, 0xe3, 0xeb, 0xbf, 0xff, 0x1e, 0x26, 0xfb,
    0x60, 0x80, 0x3f, 0xf8, 0x83, 0x0, 0x1f, 0xfd,
    0xe2, 0x7d, 0x90, 0xf, 0xfe, 0x23, 0x88, 0x7,
    0xff, 0x81, 0xb0, 0x40, 0x3f, 0xf8, 0x6c, 0x1,
    0xff, 0xe1, 0x3b, 0x0, 0xff, 0xe1, 0xd8, 0x7,
    0xff, 0x89, 0x4c, 0x3, 0xff, 0x84, 0x62, 0x1,
    0xff, 0xe2, 0xb0, 0xf, 0xfe, 0x1a, 0x80, 0x7f,
    0xf8, 0x90, 0x3, 0xff, 0x86, 0x40, 0x1f, 0xfe,
    0x21, 0x0, 0xff, 0xe1, 0xf0, 0x7, 0xff, 0xc8,
    0x40, 0x3f, 0xfc, 0x4c, 0x1, 0xff, 0xf2, 0xc0,
    0xf, 0xfe, 0x18, 0x80, 0x7f, 0xf8, 0x94, 0x3,
    0xff, 0x87, 0xe0, 0x1f, 0xfe, 0x17, 0x20, 0xf,
    0xfe, 0x19, 0x0, 0x7f, 0xf8, 0x1a, 0x0, 0x3f,
    0xf8, 0x8e, 0x1, 0xff, 0xde, 0x3b, 0x90, 0xf,
    0xfe, 0x20, 0x90, 0x7, 0xff, 0x68, 0x52, 0x33,
    0x8, 0x1, 0xff, 0xc5, 0x70, 0xf, 0xfe, 0x2c,
    0x6e, 0xff, 0xf1, 0xfb, 0xfa, 0xdc, 0xc0, 0x3f,
    0xf8, 0xf4, 0x1, 0xff, 0xc5, 0x12, 0x2f, 0xfe,
    0x38, 0x80, 0x7f, 0xf2, 0xd0, 0xc0, 0x3f, 0xfe,
    0x32, 0x1, 0xff, 0xf1, 0x82, 0x0, 0xff, 0xf8,
    0x2b, 0x80, 0x7f, 0xfc, 0x16, 0x80, 0x3f, 0xfe,
    0xf, 0x40, 0x1f, 0xfe, 0xf1, 0xb8, 0x0, 0xff,
    0xf7, 0xc, 0x72, 0x0, 0x7f, 0xfb, 0x4a, 0x79,
    0xc0, 0x3f, 0xfd, 0x89, 0x1b, 0xa6, 0x0, 0xff,
    0xf3, 0x9, 0x22, 0xc5, 0x6f, 0xdb, 0x90, 0x7,
    0xff, 0x4,

    /* U+0043 "C" */
    0x0, 0xff, 0xea, 0x11, 0xa2, 0xb3, 0x15, 0x48,
    0x62, 0x1, 0xff, 0xe5, 0x48, 0xbe, 0xfd, 0xcb,
    0xa9, 0x95, 0x52, 0xf3, 0xbf, 0x29, 0x88, 0x3,
    0xff, 0xb8, 0x2f, 0x9f, 0x6e, 0x82, 0x1, 0xff,
    0xc1, 0x35, 0x9d, 0xe9, 0x40, 0xf, 0xfe, 0xba,
    0x5f, 0x41, 0x80, 0x7f, 0xf2, 0x85, 0xaf, 0xa0,
    0x40, 0x3f, 0xfa, 0x4b, 0xb6, 0x80, 0x1f, 0xfd,
    0x1, 0x7e, 0xa2, 0x0, 0xff, 0xe7, 0x26, 0xd1,
    0x0, 0x7f, 0xf5, 0x57, 0x60, 0x3, 0xff, 0x96,
    0x35, 0x64, 0x1, 0xff, 0xd9, 0x7e, 0x40, 0xf,
    0xfe, 0x42, 0x7a, 0x80, 0x7f, 0xf7, 0x6, 0xe0,
    0x3, 0xff, 0x8d, 0x16, 0x20, 0x1f, 0xfd, 0xf7,
    0xb1, 0x0, 0xff, 0xe1, 0xd3, 0x80, 0x7f, 0xf8,
    0x93, 0x4, 0x3, 0xff, 0x83, 0x6a, 0x1, 0xff,
    0xe4, 0x2c, 0x10, 0xf, 0xfb, 0x10, 0x3, 0xff,
    0xcc, 0x58, 0x20, 0x1f, 0xd6, 0x60, 0x1f, 0xfe,
    0x82, 0xb0, 0xf, 0xd2, 0x80, 0x1f, 0xfe, 0x92,
    0xb0, 0xf, 0x95, 0x80, 0x3f, 0xf9, 0x44, 0xd3,
    0x9d, 0xff, 0xb6, 0xe1, 0x40, 0x3f, 0xf8, 0xc7,
    0x82, 0x1, 0xe2, 0xa0, 0xf, 0xfe, 0x40, 0xbe,
    0xea, 0x58, 0xc4, 0x3, 0x12, 0x3d, 0x7d, 0xa8,
    0x7, 0xff, 0x8, 0xf0, 0x40, 0x3e, 0xe0, 0xf,
    0xfe, 0x38, 0xcf, 0x41, 0x0, 0x7f, 0xf0, 0x92,
    0xb5, 0x40, 0x3f, 0xe4, 0xc0, 0xf, 0xcc, 0x60,
    0x1f, 0xfc, 0x66, 0xe6, 0x0, 0xff, 0xe3, 0x95,
    0x58, 0x80, 0x7e, 0x5b, 0x0, 0xfe, 0x80, 0xf,
    0xfe, 0x35, 0xc8, 0x7, 0xff, 0x2d, 0x3d, 0x0,
    0x3c, 0xd4, 0x1, 0xfc, 0xe2, 0x1, 0xff, 0xc4,
    0x1d, 0x40, 0xf, 0xfe, 0x68, 0xdb, 0x80, 0x67,
    0x90, 0xf, 0xf4, 0x80, 0x7f, 0xf1, 0x7, 0x8,
    0x3, 0xff, 0xa1, 0xe, 0x0, 0x88, 0x0, 0x7f,
    0x98, 0x40, 0x3f, 0xf8, 0x9a, 0x40, 0x1f, 0xfd,
    0x28, 0x79, 0x70, 0xf, 0xfa, 0xc0, 0x3f, 0xf8,
    0x90, 0x60, 0x1f, 0xfd, 0x48, 0x60, 0xf, 0xf8,
    0xc8, 0x3, 0xff, 0x86, 0x6e, 0x1, 0xff, 0xe2,
    0xb0, 0xf, 0xfe, 0x27, 0x80, 0x7f, 0xf8, 0xd4,
    0x3, 0xff, 0x86, 0x86, 0x1, 0xff, 0xe2, 0x22,
    0x0, 0x7f, 0xf0, 0xfc, 0x3, 0xff, 0xc6, 0xe0,
    0x1f, 0xfc, 0x32, 0x40, 0xf, 0xff, 0x1e, 0x0,
    0x7f, 0xf0, 0xd4, 0x3, 0xff, 0xc8, 0x40, 0x1f,
    0xfc, 0x3c, 0x0, 0xff, 0xf2, 0x28, 0x7, 0xff,
    0xd, 0x0, 0x3f, 0xfc, 0x82, 0x1, 0xff, 0xc2,
    0x20, 0xf, 0xff, 0x20, 0x80, 0x7f, 0xf0, 0xd8,
    0x3, 0xff, 0xc8, 0x60, 0x1f, 0xfc, 0x32, 0x0,
    0xff, 0xf2, 0x8, 0x7, 0xff, 0xc, 0x40, 0x3f,
    0xfe, 0x9e, 0x1, 0xff, 0xff, 0x0, 0xff, 0xf5,
    0x78, 0x7, 0xff, 0x90, 0x40, 0x3f, 0xf8, 0x62,
    0x1, 0xff, 0xe4, 0x30, 0xf, 0xfe, 0x19, 0x0,
    0x7f, 0xf9, 0x4, 0x3, 0xff, 0x86, 0xa0, 0x1f,
    0xfe, 0x52, 0x0, 0xff, 0xe1, 0x8, 0x80, 0x3f,
    0xfc, 0x8e, 0x1, 0xff, 0xc3, 0x40, 0xf, 0xff,
    0x26, 0x80, 0x7f, 0xf0, 0xfc, 0x3, 0xff, 0xc8,
    0x60, 0x1f, 0xfc, 0x35, 0x0, 0xff, 0xf2, 0x20,
    0x7, 0xff, 0x11, 0x80, 0x3f, 0xfc, 0x88, 0x1,
    0xff, 0xc3, 0x80, 0xf, 0xff, 0x26, 0x80, 0x7f,
    0xf0, 0xc5, 0xc0, 0x3f, 0xfc, 0x6e, 0x1, 0xff,
    0xc4, 0x81, 0x0, 0xff, 0xf1, 0xa, 0x80, 0x7f,
    0xf1, 0x34, 0x3, 0xff, 0xaa, 0x42, 0x1, 0xff,
    0xc0, 0x90, 0xf, 0xfe, 0x21, 0xc0, 0x7, 0xff,
    0x4c, 0x73, 0x2, 0x1, 0xff, 0x19, 0x80, 0x3f,
    0xf8, 0x8e, 0xe0, 0xf, 0xfe, 0x88, 0xe0, 0x96,
    0x10, 0x7, 0xfd, 0x0, 0x1f, 0xfc, 0x58, 0x80,
    0x7, 0xff, 0x3c, 0xbc, 0x80, 0x5, 0x84, 0x1,
    0xfe, 0x44, 0x0, 0x7f, 0xf1, 0x5e, 0xc4, 0x3,
    0xff, 0x98, 0xba, 0x20, 0x18, 0x70, 0xc0, 0x3f,
    0xd2, 0x1, 0xff, 0xc6, 0x4f, 0x50, 0xf, 0xfe,
    0x48, 0xd5, 0x0, 0x3e, 0x1c, 0x40, 0xf, 0xe2,
    0x70, 0xf, 0xfe, 0x30, 0xd6, 0x28, 0x7, 0xff,
    0x14, 0x63, 0x94, 0x3, 0xfd, 0x6a, 0x1, 0xfd,
    0x6, 0x1, 0xff, 0xc7, 0x3a, 0xe8, 0x30, 0xf,
    0xf8, 0x56, 0xf9, 0xc0, 0x3f, 0xf8, 0x34, 0xa0,
    0x1f, 0xdc, 0x1, 0xff, 0xc9, 0x17, 0xcf, 0xca,
    0x87, 0x66, 0x3c, 0x56, 0xf5, 0x20, 0x7, 0xff,
    0x12, 0x98, 0x3, 0xf1, 0x58, 0x7, 0xff, 0x30,
    0xd5, 0xe2, 0x65, 0xe, 0xa4, 0x1, 0xff, 0xc8,
    0x97, 0x0, 0xfc, 0x92, 0x1, 0xff, 0xea, 0x20,
    0xf, 0xe6, 0x80, 0xf, 0xff, 0x44, 0x28, 0x7,
    0xf9, 0xe0, 0x3, 0xff, 0xcd, 0xe, 0x1, 0xff,
    0xc0, 0x7a, 0x0, 0xff, 0xf2, 0x4b, 0x80, 0x7f,
    0xf0, 0x97, 0x8, 0x3, 0xff, 0xc3, 0x6c, 0x1,
    0xff, 0xc4, 0x3c, 0x50, 0xf, 0xfe, 0xf1, 0xea,
    0x0, 0x7f, 0xf1, 0x86, 0xac, 0x40, 0x3f, 0xfb,
    0x71, 0x84, 0x1, 0xff, 0xc9, 0x4e, 0x80, 0xf,
    0xfe, 0xc2, 0xeb, 0x80, 0x7f, 0xf3, 0x5f, 0xa0,
    0x40, 0x3f, 0xfa, 0x6b, 0x94, 0x40, 0x1f, 0xfc,
    0xf1, 0x7e, 0xa4, 0x0, 0xff, 0xe7, 0x13, 0xf5,
    0x18, 0x7, 0xff, 0x51, 0x6f, 0xa9, 0x44, 0x3,
    0xff, 0x8e, 0x6f, 0x9b, 0x2, 0x1, 0xff, 0xd8,
    0x15, 0xae, 0xda, 0x85, 0x32, 0x10, 0xe, 0x23,
    0x57, 0x9c, 0xfc, 0x83, 0x0, 0xff, 0xe1, 0x80,

    /* U+0044 "D" */
    0xe, 0xef, 0xfe, 0xa6, 0xeb, 0x2a, 0x59, 0x4,
    0x3, 0xff, 0xa2, 0x23, 0xff, 0xd4, 0x22, 0x1a,
    0xb4, 0xdf, 0x72, 0x98, 0x80, 0x3f, 0xfe, 0xa2,
    0xb3, 0xba, 0x82, 0x0, 0xff, 0xfb, 0x13, 0xed,
    0xa0, 0x7, 0xff, 0xdd, 0x2f, 0x50, 0x3, 0xff,
    0xee, 0x57, 0x84, 0x1, 0xff, 0xf7, 0x3d, 0x80,
    0xf, 0xff, 0xc3, 0xe1, 0x0, 0x7f, 0xfd, 0xcf,
    0x10, 0x3, 0xff, 0xee, 0x36, 0xc0, 0x1f, 0xff,
    0x89, 0x60, 0xf, 0xff, 0xc4, 0xa8, 0x7, 0xff,
    0xe2, 0x90, 0x3, 0xff, 0x96, 0xff, 0xff, 0xfc,
    0x4d, 0xca, 0x73, 0x0, 0xff, 0xe5, 0xd0, 0x80,
    0x7f, 0xf6, 0xc8, 0xd6, 0x33, 0xe9, 0x0, 0x3f,
    0xf9, 0x3, 0xa0, 0x1f, 0xfe, 0x15, 0xbd, 0x50,
    0xf, 0xfe, 0x39, 0xb8, 0x7, 0xff, 0x88, 0xab,
    0x8, 0x3, 0xff, 0x8d, 0x4, 0x1, 0xff, 0xe3,
    0x3d, 0x60, 0xf, 0xfe, 0x34, 0x0, 0x7f, 0xf9,
    0x66, 0x40, 0x1f, 0xfc, 0x55, 0x20, 0xf, 0xff,
    0x2b, 0x48, 0x7, 0xff, 0x16, 0x0, 0x3f, 0xfc,
    0xcc, 0xe0, 0x1f, 0xfc, 0x45, 0x10, 0xf, 0xff,
    0x34, 0x18, 0x7, 0xff, 0x11, 0x80, 0x3f, 0xfc,
    0xfc, 0x1, 0xff, 0xc4, 0xa0, 0xf, 0xff, 0x39,
    0x30, 0x7, 0xff, 0xc, 0x88, 0x1, 0xff, 0xe7,
    0x80, 0xf, 0xfe, 0x22, 0x0, 0x7f, 0xf9, 0xc5,
    0x40, 0x3f, 0xf8, 0x78, 0x1, 0xff, 0xe8, 0xe0,
    0xf, 0xfe, 0x1b, 0x80, 0x7f, 0xfa, 0x10, 0x3,
    0xff, 0x86, 0x40, 0x1f, 0xfe, 0x93, 0x0, 0xff,
    0xe1, 0x90, 0x7, 0xff, 0xa1, 0x40, 0x3f, 0xf8,
    0x6c, 0x1, 0xff, 0xe8, 0xf0, 0xf, 0xfe, 0x19,
    0x0, 0x7f, 0xfa, 0xc, 0x3, 0xff, 0x86, 0x20,
    0x1f, 0xfe, 0x86, 0x0, 0xff, 0xe1, 0xf8, 0x7,
    0xff, 0xfc, 0x3, 0xff, 0xfe, 0x1, 0xff, 0xff,
    0x0, 0xff, 0xeb, 0x38, 0x7, 0xff, 0xf, 0xc0,
    0x3f, 0xfd, 0x4, 0x1, 0xff, 0xc3, 0x10, 0xf,
    0xff, 0x47, 0x0, 0x7f, 0xf0, 0xc8, 0x3, 0xff,
    0xd0, 0x80, 0x1f, 0xfc, 0x37, 0x0, 0xff, 0xf4,
    0x18, 0x7, 0xff, 0xc, 0xc0, 0x3f, 0xfc, 0xe8,
    0x1, 0xff, 0xc3, 0x20, 0xf, 0xff, 0x47, 0x0,
    0x7f, 0xf0, 0xdc, 0x3, 0xff, 0xce, 0x2a, 0x1,
    0xff, 0xc3, 0xc0, 0xf, 0xff, 0x3c, 0x80, 0x7f,
    0xf1, 0x10, 0x3, 0xff, 0xcc, 0x4e, 0x1, 0xff,
    0xc3, 0x22, 0x0, 0x7f, 0xf9, 0xa4, 0x3, 0xff,
    0x89, 0x40, 0x1f, 0xfe, 0x67, 0x40, 0xf, 0xfe,
    0x23, 0x0, 0x7f, 0xf9, 0x56, 0x0, 0x3f, 0xf8,
    0x8a, 0x20, 0x1f, 0xfe, 0x45, 0xa0, 0xf, 0xfe,
    0x2c, 0x80, 0x7f, 0xf9, 0x1e, 0x80, 0x3f, 0xf8,
    0xaa, 0x60, 0x1f, 0xfe, 0x22, 0xb8, 0x0, 0xff,
    0xe3, 0x40, 0x7, 0xff, 0x84, 0x63, 0x50, 0x3,
    0xff, 0x8d, 0x4, 0x1, 0xff, 0xdf, 0x4a, 0xe7,
    0x0, 0xff, 0xe3, 0x9b, 0x80, 0x7f, 0xf6, 0xc9,
    0x1e, 0xba, 0xd4, 0x3, 0xff, 0x90, 0x3c, 0x1,
    0xff, 0xca, 0x7e, 0xef, 0xfe, 0x1f, 0xfb, 0x6e,
    0x14, 0x40, 0x3f, 0xf9, 0x54, 0x40, 0x1f, 0xfc,
    0xb1, 0x1f, 0xfe, 0x18, 0x7, 0xff, 0x42, 0x50,
    0x3, 0xff, 0xed, 0xc, 0x1, 0xff, 0xf6, 0x87,
    0x0, 0xff, 0xfb, 0x53, 0x80, 0x7f, 0xfd, 0x4b,
    0x14, 0x3, 0xff, 0xea, 0xda, 0x60, 0x1f, 0xff,
    0x42, 0xb9, 0x0, 0xff, 0xfa, 0xc, 0xea, 0x0,
    0x7f, 0xfc, 0xca, 0x79, 0x80, 0x3f, 0xfe, 0x42,
    0xd9, 0xac, 0x1, 0xff, 0xf1, 0x37, 0xbe, 0x93,
    0x0, 0xff, 0xf5, 0x89, 0x1a, 0xbc, 0xe7, 0xe4,
    0x20, 0x7, 0xff, 0x30,

    /* U+0045 "E" */
    0xf, 0xff, 0xff, 0x36, 0x0, 0x7f, 0xff, 0xc0,
    0x3f, 0xff, 0xe0, 0x1f, 0xff, 0xf0, 0xf, 0xff,
    0xf8, 0x7, 0xff, 0xfc, 0x3, 0xff, 0xfe, 0x1,
    0xff, 0xff, 0x0, 0xff, 0xff, 0x9b, 0x37, 0xff,
    0x5a, 0xc0, 0x3f, 0xf8, 0xb5, 0x33, 0xff, 0xd6,
    0x70, 0xf, 0xff, 0xf8, 0x7, 0xff, 0xfc, 0x3,
    0xff, 0xfe, 0x1, 0xff, 0xff, 0x0, 0xff, 0xff,
    0x80, 0x7f, 0xff, 0xc0, 0x3f, 0xff, 0xe0, 0x1f,
    0xff, 0xf0, 0xf, 0xff, 0xf8, 0x7, 0xff, 0x4f,
    0x8c, 0xff, 0xfa, 0x44, 0x1, 0xff, 0xc9, 0x7c,
    0xcf, 0xfe, 0x94, 0x0, 0x7f, 0xff, 0xc0, 0x3f,
    0xff, 0xe0, 0x1f, 0xff, 0xf0, 0xf, 0xff, 0xf8,
    0x7, 0xff, 0xfc, 0x3, 0xff, 0xfe, 0x1, 0xff,
    0xff, 0x0, 0xff, 0xff, 0x80, 0x69, 0xff, 0xff,
    0xe9, 0x50, 0x7, 0xff, 0xfc, 0x3, 0xff, 0xfe,
    0x1, 0xff, 0xff, 0x0, 0xff, 0xff, 0x80, 0x7f,
    0xff, 0xc0, 0x3f, 0xff, 0xe0, 0x1f, 0xff, 0xf0,
    0xf, 0xff, 0xf8, 0x7, 0xff, 0xfc, 0x3, 0xff,
    0xfe, 0x1, 0xff, 0xc1, 0xaa, 0xff, 0xec, 0x80,
    0x7f, 0xf1, 0xd, 0x57, 0xff, 0xb0, 0x1, 0xff,
    0xff, 0x0, 0xff, 0xff, 0x80, 0x7f, 0xff, 0xc0,
    0x3f, 0xff, 0xe0, 0x1f, 0xff, 0xf0, 0xf, 0xff,
    0xf8, 0x7, 0xff, 0xfc, 0x3, 0xff, 0xdc,

    /* U+0046 "F" */
    0xf, 0xff, 0xff, 0x36, 0x0, 0x7f, 0xff, 0xc0,
    0x3f, 0xff, 0xe0, 0x1f, 0xff, 0xf0, 0xf, 0xff,
    0xf8, 0x7, 0xff, 0xfc, 0x3, 0xff, 0xfe, 0x1,
    0xff, 0xff, 0x0, 0xff, 0xf9, 0x93, 0x37, 0xff,
    0x5a, 0xc0, 0x3f, 0xf8, 0x8b, 0x33, 0xff, 0xd6,
    0x70, 0xf, 0xff, 0xf8, 0x7, 0xff, 0xfc, 0x3,
    0xff, 0xfe, 0x1, 0xff, 0xff, 0x0, 0xff, 0xff,
    0x80, 0x7f, 0xff, 0xc0, 0x3f, 0xff, 0xe0, 0x1f,
    0xff, 0xf0, 0xf, 0xff, 0xf8, 0x7, 0xff, 0xfc,
    0x3, 0xff, 0xfe, 0x1, 0xff, 0xcb, 0x5a, 0xaf,
    0xfe, 0x93, 0x0, 0x7f, 0xf2, 0x9, 0x57, 0xff,
    0xa5, 0x80, 0x1f, 0xff, 0xf0, 0xf, 0xff, 0xf8,
    0x7, 0xff, 0xfc, 0x3, 0xff, 0xfe, 0x1, 0xff,
    0xff, 0x0, 0xff, 0xff, 0x80, 0x7f, 0xff, 0xc0,
    0x3f, 0xfe, 0xef, 0xff, 0xff, 0xd2, 0xa0, 0xf,
    0xff, 0xf8, 0x7, 0xff, 0xfc, 0x3, 0xff, 0xfe,
    0x1, 0xff, 0xff, 0x0, 0xff, 0xff, 0x80, 0x7f,
    0xff, 0xc0, 0x3f, 0xff, 0xe0, 0x1f, 0xff, 0xf0,
    0xf, 0xff, 0xf8, 0x7, 0xff, 0xfc, 0x3, 0xff,
    0xfe, 0x1, 0xff, 0xff, 0x0, 0xff, 0xff, 0x80,
    0x7f, 0xff, 0xc0, 0x3f, 0xff, 0xe0, 0x1f, 0xff,
    0xf0, 0x77, 0xff, 0xe1, 0xe0, 0x7, 0xff, 0x5c,

    /* U+0047 "G" */
    0x0, 0xff, 0xea, 0x9, 0xa2, 0xa9, 0x95, 0x48,
    0x64, 0x1, 0xff, 0xe6, 0x37, 0xad, 0xfe, 0xcb,
    0xaa, 0x4d, 0x52, 0xf3, 0x7f, 0xb2, 0x54, 0x80,
    0x3f, 0xfb, 0xab, 0x5f, 0x90, 0xa4, 0x1, 0xff,
    0xc1, 0x13, 0x6a, 0xdd, 0x49, 0x80, 0x7f, 0xf5,
    0xce, 0xbe, 0x94, 0x3, 0xff, 0x96, 0x4d, 0x9c,
    0xe2, 0x1, 0xff, 0xd2, 0x4c, 0xc2, 0x80, 0x7f,
    0xf4, 0x46, 0x3a, 0x44, 0x3, 0xff, 0x9c, 0x79,
    0x66, 0x1, 0xff, 0xd6, 0x6e, 0x80, 0xf, 0xfe,
    0x64, 0xe1, 0x80, 0x7f, 0xf6, 0x9f, 0x90, 0x3,
    0xff, 0x90, 0x7c, 0xc0, 0x1f, 0xfd, 0xd1, 0xb9,
    0x0, 0xff, 0xe3, 0x3e, 0x8, 0x7, 0xff, 0x81,
    0xb0, 0x40, 0x3f, 0xf8, 0x75, 0x0, 0x1f, 0xfe,
    0x33, 0xf2, 0x0, 0xff, 0xe0, 0xda, 0x80, 0x7f,
    0xf9, 0x47, 0xc, 0x3, 0xfe, 0xb4, 0x0, 0xff,
    0xf3, 0x8e, 0x90, 0x7, 0xf5, 0x20, 0x7, 0xff,
    0xa4, 0x68, 0x3, 0xf4, 0x28, 0x7, 0xff, 0xa9,
    0xa0, 0x3, 0xe5, 0x70, 0xf, 0xfe, 0x50, 0xac,
    0x5e, 0xf7, 0xfd, 0xd9, 0x4e, 0x80, 0x1f, 0xfc,
    0x67, 0x90, 0xf, 0x8a, 0x80, 0x3f, 0xf9, 0x2d,
    0x9d, 0x4e, 0x84, 0x20, 0x10, 0x9a, 0xc5, 0xfd,
    0x20, 0x7, 0xff, 0xa, 0x20, 0x1, 0xfa, 0x40,
    0x3f, 0xf9, 0x11, 0xf2, 0x60, 0x1f, 0xfc, 0x35,
    0xbc, 0x40, 0xf, 0xfa, 0x5c, 0x3, 0xf2, 0xa0,
    0x7, 0xff, 0x19, 0x79, 0xc0, 0x3f, 0xf9, 0x7,
    0x76, 0x10, 0xf, 0xd4, 0xc0, 0x1f, 0xd6, 0x1,
    0xff, 0xc6, 0xaa, 0x8, 0x7, 0xff, 0x2d, 0x39,
    0x40, 0x3d, 0x6a, 0x1, 0xfc, 0xe2, 0x1, 0xff,
    0xc4, 0x1c, 0x50, 0xf, 0xfe, 0x7d, 0x40, 0x6,
    0xc4, 0x0, 0xff, 0x48, 0x7, 0xff, 0x17, 0x4c,
    0x3, 0xff, 0xa2, 0xf4, 0x3, 0x86, 0x1, 0xfe,
    0x61, 0x0, 0xff, 0xe2, 0x59, 0x80, 0x7f, 0xf4,
    0xd6, 0xb0, 0xc0, 0x3f, 0xeb, 0x0, 0xff, 0xe2,
    0x42, 0x0, 0x7f, 0xf5, 0x54, 0x80, 0x3f, 0xe3,
    0x20, 0xf, 0xfe, 0x19, 0xb8, 0x7, 0xff, 0x8e,
    0xc0, 0x3f, 0xf8, 0x9e, 0x1, 0xff, 0xe4, 0x50,
    0xf, 0xfe, 0x1a, 0x18, 0x7, 0xff, 0x8c, 0x88,
    0x1, 0xff, 0xc3, 0xf0, 0xf, 0xff, 0x23, 0x80,
    0x7f, 0xf0, 0xc9, 0x0, 0x3f, 0xfc, 0x98, 0x1,
    0xff, 0xc3, 0x50, 0xf, 0xff, 0x29, 0x0, 0x7f,
    0xf0, 0xf0, 0x3, 0xff, 0xca, 0xa0, 0x1f, 0xfc,
    0x34, 0x0, 0xff, 0xf2, 0x88, 0x7, 0xff, 0x8,
    0x80, 0x3f, 0xfc, 0xa2, 0x1, 0xff, 0xc3, 0x60,
    0xf, 0xff, 0x29, 0x80, 0x7f, 0xf0, 0xc8, 0x3,
    0xff, 0xca, 0x20, 0x1f, 0xfc, 0x31, 0x0, 0xff,
    0xea, 0x92, 0x27, 0xff, 0x4, 0x80, 0x3f, 0xf8,
    0xbe, 0x1, 0xff, 0xd5, 0x8b, 0xbf, 0xfe, 0x10,
    0x7, 0xff, 0xfc, 0x3, 0xf7, 0x80, 0x7f, 0xf9,
    0x44, 0x3, 0xff, 0x86, 0x40, 0x1f, 0xfe, 0x53,
    0x0, 0xff, 0xe1, 0x88, 0x7, 0xff, 0x94, 0x40,
    0x3f, 0xf8, 0x6a, 0x1, 0xff, 0xe6, 0x20, 0xf,
    0xfe, 0x10, 0x88, 0x3, 0xff, 0xca, 0xe0, 0x1f,
    0xfc, 0x37, 0x0, 0xff, 0xf2, 0xe8, 0x7, 0xff,
    0xf, 0x0, 0x3f, 0xfc, 0xa6, 0x1, 0xff, 0xc3,
    0x51, 0x0, 0xff, 0xf2, 0x20, 0x7, 0xff, 0x11,
    0x80, 0x3f, 0xfc, 0xa8, 0x1, 0xff, 0xc3, 0x90,
    0xf, 0xff, 0x2e, 0x80, 0x7f, 0xf0, 0xc6, 0x0,
    0x3f, 0xfc, 0x8e, 0x1, 0xff, 0xc4, 0x72, 0x0,
    0xff, 0xf1, 0x8a, 0x80, 0x7f, 0xf1, 0x38, 0x3,
    0xff, 0xc9, 0x20, 0x1f, 0xfc, 0x43, 0xa0, 0xf,
    0xff, 0x19, 0x98, 0x3, 0xff, 0x88, 0xb2, 0x1,
    0xff, 0xe3, 0x80, 0xf, 0xfe, 0x2b, 0x48, 0x7,
    0xff, 0x89, 0x10, 0x1, 0xff, 0xc5, 0x6c, 0x10,
    0xf, 0xff, 0xc, 0x80, 0x7f, 0xf1, 0x8f, 0x98,
    0x3, 0xff, 0x96, 0x20, 0x1f, 0xfc, 0x82, 0x80,
    0xf, 0xfe, 0x3c, 0xeb, 0x0, 0x7f, 0xf1, 0xdb,
    0x50, 0x3, 0xff, 0x92, 0xe6, 0x1, 0xff, 0xc7,
    0x29, 0xe9, 0x40, 0xf, 0xfe, 0x0, 0xad, 0x7c,
    0x90, 0x7, 0xff, 0x2f, 0x84, 0x3, 0xff, 0x90,
    0x2d, 0x7f, 0xb5, 0xe, 0xcd, 0x3c, 0xdf, 0x72,
    0x94, 0x3, 0xff, 0x9c, 0x54, 0x1, 0xff, 0xcc,
    0x25, 0x78, 0x99, 0xa1, 0x90, 0x40, 0x3f, 0xfa,
    0x49, 0x40, 0x1f, 0xff, 0x55, 0x90, 0xf, 0xff,
    0xab, 0x48, 0x7, 0xff, 0xd5, 0xac, 0x3, 0xff,
    0xcf, 0x80, 0x1f, 0xfc, 0x14, 0xd2, 0x0, 0xff,
    0xf1, 0x9e, 0xa8, 0x7, 0xff, 0x8, 0xb5, 0x80,
    0x3f, 0xfc, 0x31, 0x84, 0x1, 0xff, 0xc5, 0x9b,
    0x20, 0xf, 0xfe, 0xeb, 0x73, 0x80, 0x7f, 0xf2,
    0x13, 0x64, 0x40, 0x3f, 0xfb, 0x2d, 0xb2, 0x20,
    0x1f, 0xfc, 0xb6, 0xe9, 0x20, 0xf, 0xfe, 0xa1,
    0x47, 0x49, 0x0, 0x7f, 0xf3, 0xdb, 0x6d, 0x40,
    0x3f, 0xf9, 0xe4, 0xf9, 0xae, 0x20, 0x1f, 0xfd,
    0x34, 0xaf, 0xa5, 0x10, 0xf, 0xfe, 0x38, 0xac,
    0xee, 0xa0, 0xc0, 0x3f, 0xfb, 0x2b, 0x5d, 0xcb,
    0x86, 0x42, 0x10, 0xe, 0x12, 0x46, 0x8b, 0xee,
    0x53, 0x10, 0x7, 0xff, 0xc,

    /* U+0048 "H" */
    0xf, 0xff, 0xfe, 0x1c, 0x0, 0x7f, 0xf4, 0xbf,
    0xff, 0xf8, 0x72, 0x1, 0xff, 0xff, 0x0, 0xff,
    0xff, 0x80, 0x7f, 0xff, 0xc0, 0x3f, 0xff, 0xe0,
    0x1f, 0xff, 0xf0, 0xf, 0xff, 0xf8, 0x7, 0xff,
    0xfc, 0x3, 0xff, 0xfe, 0x1, 0xff, 0xff, 0x0,
    0xff, 0xff, 0x80, 0x7f, 0xff, 0xc0, 0x3f, 0xff,
    0xe0, 0x1f, 0xff, 0xf0, 0xf, 0xff, 0xf8, 0x7,
    0xff, 0xfc, 0x3, 0xff, 0xfe, 0x1, 0xff, 0xff,
    0x0, 0xff, 0xff, 0x80, 0x7f, 0xff, 0xc0, 0x3f,
    0xff, 0xe0, 0x1f, 0xff, 0xf0, 0xf, 0xfe, 0x21,
    0x22, 0x7f, 0xf4, 0x80, 0x3f, 0xfa, 0x8b, 0x77,
    0xff, 0xd2, 0x0, 0xff, 0xff, 0x80, 0x7f, 0xff,
    0xc0, 0x3f, 0xff, 0xe0, 0x1f, 0xff, 0xf0, 0xf,
    0xff, 0xf8, 0x7, 0xff, 0xfc, 0x3, 0xff, 0xfe,
    0x1, 0xff, 0xff, 0x0, 0xff, 0xff, 0x80, 0x7f,
    0xff, 0xc0, 0x3f, 0xfb, 0x4f, 0xff, 0xff, 0xd2,
    0x0, 0xff, 0xff, 0x80, 0x7f, 0xff, 0xc0, 0x3f,
    0xff, 0xe0, 0x1f, 0xff, 0xf0, 0xf, 0xff, 0xf8,
    0x7, 0xff, 0xfc, 0x3, 0xff, 0xfe, 0x1, 0xff,
    0xff, 0x0, 0xff, 0xff, 0x80, 0x7f, 0xff, 0xc0,
    0x3f, 0xff, 0xe0, 0x1f, 0xff, 0xf0, 0xf, 0xff,
    0xf8, 0x7, 0xff, 0xfc, 0x3, 0xff, 0xfe, 0x1,
    0xff, 0xff, 0x0, 0xff, 0xff, 0x80, 0x7f, 0xff,
    0xc0, 0x3f, 0xff, 0xe0, 0x1f, 0xff, 0xf0, 0xf,
    0xff, 0xf8, 0x7, 0xff, 0xfc, 0x3, 0xff, 0xee,

    /* U+0049 "I" */
    0xf, 0xff, 0xfe, 0x1b, 0x80, 0x7f, 0xf1, 0x3c,
    0x3, 0xff, 0xfe, 0x1, 0xff, 0xff, 0x0, 0xff,
    0xff, 0x80, 0x7f, 0xff, 0xc0, 0x3f, 0xff, 0xe0,
    0x1f, 0xff, 0xf0, 0xf, 0xff, 0xf8, 0x7, 0xff,
    0xfc, 0x3, 0xff, 0xfe, 0x1, 0xff, 0xff, 0x0,
    0xff, 0xff, 0x80, 0x7f, 0xff, 0xc0, 0x3f, 0xff,
    0xe0, 0x1f, 0xff, 0xf0, 0xf, 0xff, 0xe0,

    /* U+004A "J" */
    0x0, 0xfa, 0x3f, 0xff, 0xfb, 0x50, 0x1, 0xff,
    0xff, 0x0, 0xff, 0xff, 0x80, 0x7f, 0xff, 0xc0,
    0x3f, 0xff, 0xe0, 0x1f, 0xff, 0xf0, 0xf, 0xff,
    0xf8, 0x7, 0xff, 0xfb, 0x59, 0xbf, 0xf9, 0x60,
    0x1f, 0xfc, 0xb5, 0x99, 0xff, 0xe5, 0x88, 0x7,
    0xff, 0xfc, 0x3, 0xff, 0xfe, 0x1, 0xff, 0xff,
    0x0, 0xff, 0xff, 0x80, 0x7f, 0xff, 0xc0, 0x3f,
    0xff, 0xe0, 0x1f, 0xff, 0xf0, 0xf, 0xff, 0xf8,
    0x7, 0xff, 0xfc, 0x3, 0xff, 0xfe, 0x1, 0xff,
    0xff, 0x0, 0xff, 0xff, 0x80, 0x7f, 0xff, 0xc0,
    0x3f, 0xff, 0xe0, 0x1f, 0xff, 0xf0, 0xf, 0xff,
    0xf8, 0x7, 0xff, 0xfc, 0x3, 0xff, 0xfe, 0x1,
    0xff, 0xff, 0x0, 0xff, 0xff, 0x80, 0x7f, 0xf9,
    0x84, 0x3, 0xff, 0x85, 0xe0, 0x1f, 0xfd, 0x21,
    0x0, 0xff, 0xe1, 0x88, 0x7, 0xf0, 0x80, 0x7f,
    0xf2, 0x8, 0x3, 0xff, 0x86, 0x60, 0x1f, 0xa7,
    0x40, 0x3f, 0xf9, 0x8, 0x1, 0xff, 0xc3, 0x60,
    0xf, 0x99, 0x87, 0x40, 0x1f, 0xfc, 0x7c, 0x0,
    0xff, 0xe1, 0x90, 0x7, 0x92, 0x40, 0xb, 0x20,
    0x1f, 0xfc, 0x52, 0x40, 0xf, 0xfe, 0x10, 0x88,
    0x3, 0x8a, 0xc0, 0x33, 0x50, 0x7, 0xff, 0x12,
    0x40, 0x3f, 0xf8, 0x68, 0x1, 0xc3, 0xe0, 0x1e,
    0x5c, 0x20, 0xf, 0xfe, 0xc, 0x20, 0x7, 0xff,
    0xf, 0x40, 0x3a, 0x88, 0x3, 0xe3, 0xd7, 0x0,
    0xff, 0xa5, 0xc0, 0x3f, 0xf8, 0x8a, 0x1, 0xa5,
    0x0, 0x3f, 0xd1, 0xf2, 0xa2, 0x1, 0xa, 0x47,
    0x30, 0x7, 0xff, 0x10, 0x88, 0x1, 0x33, 0x0,
    0x3f, 0xf8, 0x2d, 0x5d, 0xfd, 0xfd, 0x6e, 0x20,
    0x1f, 0xfc, 0x5a, 0x0, 0x8e, 0x40, 0x3f, 0xf8,
    0xc2, 0x1, 0xff, 0xca, 0x60, 0x0, 0xe8, 0x7,
    0xff, 0x75, 0xc4, 0x0, 0x42, 0x1, 0xff, 0xdc,
    0x18, 0x0, 0x8e, 0x80, 0x3f, 0xfb, 0x94, 0x1,
    0xcb, 0x20, 0x1f, 0xfd, 0xa7, 0x40, 0xf, 0x35,
    0x0, 0x7f, 0xf6, 0x16, 0x0, 0x3f, 0x2e, 0x8,
    0x7, 0xff, 0x55, 0xa8, 0x3, 0xfc, 0x7e, 0xc0,
    0x1f, 0xfd, 0x38, 0x90, 0xf, 0xfe, 0x0, 0xce,
    0x18, 0x7, 0xff, 0x3c, 0xf5, 0xc0, 0x3f, 0xf8,
    0x67, 0x96, 0x80, 0x1f, 0xfc, 0xb3, 0xac, 0x20,
    0xf, 0xfe, 0x32, 0x5f, 0x41, 0x80, 0x7f, 0xf1,
    0x49, 0xf3, 0xa, 0x1, 0xff, 0xca, 0x17, 0xcf,
    0xb8, 0x53, 0x10, 0xe, 0x13, 0x57, 0xae, 0xd8,
    0x30, 0xf, 0xfe, 0x8,

    /* U+004B "K" */
    0xf, 0xff, 0xfe, 0x1b, 0x0, 0x7f, 0xf4, 0x13,
    0xbf, 0xff, 0xf8, 0x7a, 0x20, 0x1f, 0xfe, 0x23,
    0xb1, 0x0, 0xff, 0xe1, 0xf0, 0x80, 0x7f, 0xf8,
    0x4b, 0x40, 0x3f, 0xf8, 0x96, 0x60, 0x1f, 0xfe,
    0x12, 0xc1, 0x0, 0xff, 0xe1, 0xd2, 0x0, 0x7f,
    0xf8, 0x47, 0xc4, 0x3, 0xff, 0x87, 0x2a, 0x1,
    0xff, 0xe1, 0x1c, 0x20, 0xf, 0xfe, 0x1c, 0x30,
    0x7, 0xff, 0x8b, 0x48, 0x3, 0xff, 0x86, 0xee,
    0x0, 0xff, 0xf1, 0x61, 0x80, 0x7f, 0xf0, 0xd6,
    0x0, 0x3f, 0xfc, 0x56, 0x60, 0x1f, 0xfc, 0x34,
    0xa0, 0xf, 0xff, 0x15, 0x20, 0x7, 0xff, 0xc,
    0xec, 0x3, 0xff, 0xc5, 0x2a, 0x1, 0xff, 0xc3,
    0x2d, 0x0, 0xff, 0xf1, 0x43, 0x0, 0x7f, 0xf0,
    0xcb, 0x4, 0x3, 0xff, 0xc2, 0xee, 0x0, 0xff,
    0xe1, 0x8f, 0x88, 0x7, 0xff, 0x85, 0xa0, 0x3,
    0xff, 0x89, 0x84, 0x1, 0xff, 0xe1, 0x59, 0x0,
    0xff, 0xe2, 0x61, 0x0, 0x7f, 0xf8, 0x56, 0x80,
    0x3f, 0xf8, 0x96, 0x60, 0x1f, 0xfe, 0x14, 0xa0,
    0xf, 0xfe, 0x25, 0x20, 0x7, 0xff, 0x84, 0xec,
    0x3, 0xff, 0x89, 0xa, 0x1, 0xff, 0xe1, 0x2d,
    0x0, 0xff, 0xe2, 0x3b, 0x80, 0x3f, 0xfc, 0x25,
    0x82, 0x1, 0xff, 0xc3, 0x68, 0x0, 0xff, 0xf0,
    0x8e, 0x8, 0x7, 0xff, 0xd, 0x64, 0x3, 0xff,
    0xc2, 0x38, 0x20, 0x1f, 0xfc, 0x34, 0xa0, 0xf,
    0xff, 0x16, 0x90, 0x7, 0xff, 0xc, 0xec, 0x3,
    0xff, 0xc5, 0x86, 0x1, 0xff, 0xc3, 0x2d, 0x0,
    0xff, 0xf1, 0x59, 0x80, 0x7f, 0xf0, 0xc7, 0x4,
    0x3, 0xff, 0xc3, 0x48, 0x1, 0xff, 0xc3, 0x1c,
    0x10, 0xf, 0xff, 0xc, 0xa8, 0x7, 0xff, 0x13,
    0x48, 0x3, 0xff, 0xc3, 0x2c, 0x1, 0xff, 0xc4,
    0xb3, 0x0, 0xff, 0xf0, 0xc3, 0x0, 0x7f, 0xf1,
    0x29, 0x0, 0x3f, 0xfc, 0x2e, 0xe0, 0xf, 0xfe,
    0x24, 0xa8, 0x7, 0xff, 0x85, 0xa0, 0x3, 0xff,
    0x88, 0x4c, 0x1, 0xff, 0xe1, 0xd9, 0x0, 0xff,
    0xe2, 0x94, 0x0, 0x7f, 0xf8, 0x50, 0x3, 0xff,
    0x8e, 0xea, 0x1, 0xff, 0xf5, 0xa2, 0x0, 0xff,
    0xfa, 0xf8, 0x7, 0xff, 0xd4, 0xa8, 0x3, 0xff,
    0xea, 0xae, 0x1, 0xff, 0xf5, 0x84, 0x0, 0xff,
    0xfa, 0xd0, 0x80, 0x7f, 0xfd, 0x7, 0x40, 0x3f,
    0xfe, 0xa7, 0x20, 0x1f, 0xfe, 0x35, 0x0, 0xff,
    0xe2, 0xb2, 0x80, 0x7f, 0xf8, 0x6a, 0x8a, 0x1,
    0xff, 0xc5, 0xa3, 0x0, 0xff, 0xef, 0xca, 0x85,
    0x18, 0x7, 0xff, 0x17, 0x84, 0x3, 0xff, 0xbb,
    0xc, 0x1, 0x68, 0x80, 0x7f, 0xf1, 0xa, 0x80,
    0x3f, 0xfb, 0x90, 0xe0, 0x18, 0x74, 0x3, 0xff,
    0x8a, 0x90, 0x1, 0xff, 0xda, 0x77, 0x0, 0x78,
    0xe4, 0x3, 0xff, 0x8a, 0xe8, 0x1, 0xff, 0xd8,
    0x68, 0x0, 0xfc, 0xcc, 0x0, 0xff, 0xe2, 0xd1,
    0x0, 0x7f, 0xf5, 0x96, 0x40, 0x3f, 0xd2, 0x60,
    0x1f, 0xfc, 0x41, 0xf0, 0xf, 0xfe, 0xaa, 0x50,
    0x7, 0xff, 0x3, 0x44, 0x3, 0xff, 0x88, 0x54,
    0x1, 0xff, 0xd3, 0x3b, 0x0, 0xff, 0xe0, 0x8e,
    0x80, 0x7f, 0xf1, 0x55, 0x80, 0x3f, 0xfa, 0x54,
    0x1, 0xff, 0xc3, 0x39, 0x0, 0xff, 0xe2, 0xc9,
    0x80, 0x7f, 0xf8, 0x99, 0x80, 0x1f, 0xfc, 0x5d,
    0x10, 0xf, 0xff, 0x14, 0xa0, 0x7, 0xff, 0x10,
    0x68, 0x3, 0xff, 0xc7, 0x42, 0x1, 0xff, 0xc4,
    0x48, 0x0, 0xff, 0xf1, 0xe, 0x0, 0x7f, 0xf1,
    0x5d, 0x40, 0x3f, 0xfc, 0x45, 0x40, 0x1f, 0xfc,
    0x5a, 0x20, 0xf, 0xff, 0x12, 0xb8, 0x7, 0xff,
    0x17, 0xc0, 0x3f, 0xfc, 0x70, 0x80, 0x1f, 0xfc,
    0x42, 0xa0, 0xf, 0xff, 0x1d, 0x10, 0x7, 0xff,
    0x11, 0x5c, 0x3, 0xff, 0xc4, 0x3e, 0x1, 0xff,
    0xc5, 0x83, 0x0, 0xff, 0xf1, 0x15, 0x80, 0x7f,
    0xf1, 0x74, 0x40, 0x3f, 0xfc, 0x49, 0x0, 0x1f,
    0xfc, 0x41, 0xd0, 0xf, 0xff, 0x1b, 0xa8, 0x7,
    0xff, 0x10, 0xe4, 0x3, 0xff, 0xc7, 0x44, 0x1,
    0xff, 0xc4, 0x65, 0x0, 0xff, 0xf1, 0xf8, 0x80,
    0x7f, 0xf1, 0x28, 0x80, 0x3f, 0xfc, 0x45, 0x40,
    0x1f, 0xfc, 0x5f, 0x10, 0xf, 0xff, 0x12, 0x40,
    0x7, 0xff, 0x10, 0xa8, 0x0,

    /* U+004C "L" */
    0xf, 0xff, 0xfe, 0x1c, 0x0, 0x7f, 0xff, 0xc0,
    0x3f, 0xff, 0xe0, 0x1f, 0xff, 0xf0, 0xf, 0xff,
    0xf8, 0x7, 0xff, 0xfc, 0x3, 0xff, 0xfe, 0x1,
    0xff, 0xff, 0x0, 0xff, 0xff, 0x80, 0x7f, 0xff,
    0xc0, 0x3f, 0xff, 0xe0, 0x1f, 0xff, 0xf0, 0xf,
    0xff, 0xf8, 0x7, 0xff, 0xfc, 0x3, 0xff, 0xfe,
    0x1, 0xff, 0xff, 0x0, 0xff, 0xff, 0x80, 0x7f,
    0xff, 0xc0, 0x3f, 0xff, 0xe0, 0x1f, 0xff, 0xf0,
    0xf, 0xff, 0xf8, 0x7, 0xff, 0xfc, 0x3, 0xff,
    0xfe, 0x1, 0xff, 0xff, 0x0, 0xff, 0xff, 0x80,
    0x7f, 0xff, 0xc0, 0x3f, 0xff, 0xe0, 0x1f, 0xff,
    0xf0, 0xf, 0xff, 0xf8, 0x7, 0xff, 0xfc, 0x3,
    0xff, 0xfe, 0x1, 0xff, 0xff, 0x0, 0xff, 0xff,
    0x80, 0x7f, 0xff, 0xc0, 0x3f, 0xff, 0xe0, 0x1f,
    0xff, 0xf0, 0xf, 0xff, 0xf8, 0x7, 0xff, 0xfc,
    0x3, 0xff, 0xa2, 0xdb, 0xbf, 0xfd, 0x52, 0x0,
    0xff, 0xe2, 0x9, 0x17, 0xff, 0x54, 0x40, 0x3f,
    0xff, 0xe0, 0x1f, 0xff, 0xf0, 0xf, 0xff, 0xf8,
    0x7, 0xff, 0xfc, 0x3, 0xff, 0xfe, 0x1, 0xff,
    0xff, 0x0, 0xff, 0xff, 0x80, 0x7f, 0xf6, 0x0,

    /* U+004D "M" */
    0xf, 0xff, 0xfe, 0x9, 0x0, 0x7f, 0xf9, 0x23,
    0xff, 0xff, 0x81, 0x0, 0x1f, 0xfc, 0x29, 0x0,
    0xff, 0xf1, 0x93, 0x80, 0x7f, 0xf3, 0xd1, 0x40,
    0x3f, 0xfc, 0x52, 0x1, 0xff, 0xd1, 0xb0, 0xf,
    0xff, 0xa, 0x20, 0x3, 0xff, 0xa2, 0x30, 0x1,
    0xff, 0xe0, 0x90, 0xf, 0xfe, 0x9b, 0x90, 0x7,
    0xff, 0x79, 0xc8, 0x3, 0xff, 0xa9, 0x20, 0x1f,
    0xfd, 0xd1, 0x80, 0xf, 0xfe, 0xaa, 0x20, 0x3,
    0xff, 0xb9, 0x60, 0x1f, 0xfd, 0x79, 0x0, 0xff,
    0xed, 0x9a, 0x80, 0x7f, 0xf5, 0xc9, 0xc0, 0x3f,
    0xfb, 0x5e, 0x1, 0xff, 0xd9, 0x82, 0x0, 0xff,
    0xec, 0x31, 0x80, 0x7f, 0xf6, 0xa0, 0x3, 0xff,
    0xae, 0x30, 0x1, 0xff, 0xdb, 0x54, 0x0, 0xff,
    0xeb, 0x40, 0x80, 0x7f, 0xf7, 0x24, 0x3, 0xff,
    0xaa, 0x4c, 0x1, 0xff, 0xdd, 0x27, 0x0, 0xff,
    0xea, 0x48, 0x7, 0xff, 0x20, 0x40, 0x3f, 0xf9,
    0x50, 0x20, 0x1f, 0xfd, 0x25, 0x40, 0xf, 0xff,
    0x5, 0x80, 0x7f, 0xf4, 0xac, 0x3, 0xff, 0xc2,
    0xa8, 0x1, 0xff, 0xd0, 0x81, 0x0, 0xff, 0xf1,
    0x48, 0x7, 0xff, 0x3c, 0x9c, 0x3, 0xff, 0xc6,
    0x4e, 0x1, 0xff, 0xce, 0x80, 0xf, 0xff, 0x2c,
    0x8, 0x7, 0xff, 0x31, 0x14, 0x3, 0xff, 0xcd,
    0x60, 0x1f, 0xfc, 0xc9, 0x0, 0xff, 0xf3, 0xa9,
    0x80, 0x7f, 0xf2, 0x98, 0x80, 0x3f, 0xfd, 0x1c,
    0x1, 0xff, 0xc9, 0x19, 0x0, 0xff, 0xf4, 0x93,
    0x0, 0x7f, 0xf2, 0x20, 0x3, 0xff, 0xd7, 0x22,
    0x1, 0xff, 0xc6, 0x36, 0x0, 0xff, 0xf6, 0x40,
    0x7, 0xff, 0x1b, 0xc0, 0x3f, 0xfd, 0xac, 0x60,
    0x1f, 0xfc, 0x45, 0x30, 0xf, 0xfe, 0x1, 0x0,
    0x7f, 0xf4, 0x8c, 0x3, 0xff, 0x85, 0xe0, 0x1f,
    0xfc, 0x4b, 0x0, 0xff, 0xe0, 0xc8, 0x7, 0xff,
    0x49, 0x58, 0x3, 0xff, 0x82, 0x6c, 0x1, 0xff,
    0xc2, 0x81, 0x0, 0xff, 0xe0, 0x22, 0x0, 0x3f,
    0xfa, 0x70, 0x20, 0x1f, 0xfc, 0x18, 0x10, 0xf,
    0xfe, 0x1, 0x38, 0x7, 0xff, 0x6, 0x40, 0x3f,
    0xfa, 0x83, 0x0, 0x1f, 0xfc, 0x11, 0x80, 0xf,
    0xfe, 0x4, 0x80, 0x7f, 0xf0, 0x5c, 0x80, 0x3f,
    0xfa, 0xac, 0x60, 0x1f, 0xfc, 0x16, 0x30, 0xf,
    0xf2, 0x20, 0x3, 0xff, 0x80, 0x30, 0x1, 0xff,
    0xd7, 0xf0, 0xf, 0xfe, 0x17, 0x80, 0x7f, 0xa4,
    0x3, 0xff, 0x83, 0x60, 0x1f, 0xfd, 0x83, 0x60,
    0xf, 0xfe, 0x9, 0xb0, 0x7, 0xe7, 0x20, 0xf,
    0xfe, 0x1, 0xa8, 0x7, 0xff, 0x66, 0x4, 0x3,
    0xff, 0x83, 0x2, 0x1, 0xe1, 0x80, 0xf, 0xfe,
    0xf, 0x0, 0x7f, 0xf1, 0x8c, 0x3, 0xff, 0x8e,
    0x30, 0x1, 0xff, 0xc1, 0x18, 0x0, 0xf5, 0x80,
    0x7f, 0xf0, 0x58, 0x80, 0x3f, 0xfb, 0x6c, 0x60,
    0x1f, 0xfc, 0x16, 0x30, 0xc, 0x6a, 0x1, 0xff,
    0xc0, 0x18, 0x0, 0xff, 0xee, 0xf8, 0x7, 0xff,
    0xb, 0xc0, 0x37, 0x80, 0x7f, 0xf0, 0x60, 0x40,
    0x3f, 0xfb, 0xa6, 0xc0, 0x1f, 0xfc, 0x13, 0x50,
    0x3, 0x18, 0x7, 0xff, 0x0, 0xd8, 0x3, 0xff,
    0xbf, 0x2, 0x1, 0xff, 0xc1, 0xb0, 0x18, 0x0,
    0xff, 0xe0, 0xf8, 0x7, 0xff, 0x80, 0x60, 0x3,
    0xff, 0x82, 0x33, 0x2, 0x1, 0xff, 0xc0, 0x53,
    0x0, 0xff, 0xf0, 0xb1, 0x80, 0x7f, 0xf0, 0x59,
    0x80, 0x1f, 0xfc, 0x1b, 0x0, 0xfc, 0x20, 0x1f,
    0xfd, 0xaf, 0x0, 0xff, 0xe7, 0xc0, 0x80, 0x7f,
    0xf8, 0xcd, 0x80, 0x3f, 0xf9, 0xa4, 0xe0, 0x1f,
    0xfe, 0x58, 0x10, 0xf, 0xfe, 0x64, 0x80, 0x7f,
    0xf9, 0x86, 0x0, 0x3f, 0xf9, 0x6a, 0x80, 0x1f,
    0xfe, 0x76, 0x30, 0xf, 0xfe, 0x54, 0x0, 0x7f,
    0xfa, 0x78, 0x3, 0xff, 0x92, 0xe4, 0x1, 0xff,
    0xe9, 0x26, 0x0, 0xff, 0xe3, 0x8c, 0x0, 0x7f,
    0xfa, 0xe4, 0x40, 0x3f, 0xf8, 0xd6, 0x1, 0xff,
    0xed, 0xb0, 0xf, 0xfe, 0x2a, 0x28, 0x7, 0xff,
    0xb5, 0x4c, 0x3, 0xff, 0x89, 0x20, 0x1f, 0xfe,
    0xfe, 0x0, 0xff, 0xe1, 0xb9, 0x0, 0x7f, 0xfb,
    0xc9, 0x80, 0x3f, 0xf8, 0x23, 0x0, 0x1f, 0xff,
    0x19, 0x10, 0xf, 0xfe, 0x4, 0x0, 0x7f, 0xf4,
    0x84, 0x3, 0xff, 0xa9, 0x60, 0x1f, 0xf1, 0xb0,
    0x7, 0xff, 0xcd, 0x4c, 0x3, 0xfd, 0xe0, 0x1f,
    0xff, 0x5e, 0x0, 0xfe, 0x63, 0x0, 0xff, 0xfa,
    0x93, 0x80, 0x7e, 0x80, 0xf, 0xff, 0xbc, 0x19,
    0x17, 0xa4, 0x40, 0x3f, 0xff, 0x19, 0xbb, 0xe6,
    0x0, 0xff, 0xff, 0x80, 0x7f, 0xff, 0xc0, 0x3f,
    0xff, 0xe0, 0x1f, 0xff, 0xf0, 0xf, 0xff, 0xf8,
    0x7, 0xff, 0xfc, 0x3, 0xff, 0xc4,

    /* U+004E "N" */
    0xe, 0xef, 0xfe, 0x9, 0x80, 0x7f, 0xf5, 0x2f,
    0xbb, 0xff, 0x85, 0x0, 0x23, 0xff, 0xc1, 0xd1,
    0x0, 0xff, 0xe9, 0xb8, 0x8f, 0xff, 0xc, 0x3,
    0xff, 0x84, 0x3a, 0x1, 0xff, 0xf2, 0x39, 0x0,
    0xff, 0xf9, 0x33, 0x0, 0x3f, 0xfe, 0x52, 0x60,
    0x1f, 0xff, 0x2d, 0x10, 0xf, 0xff, 0x88, 0xe8,
    0x7, 0xff, 0xc8, 0xe8, 0x3, 0xff, 0xe4, 0xae,
    0x1, 0xff, 0xf2, 0x84, 0x0, 0xff, 0xf9, 0x51,
    0x0, 0x7f, 0xfc, 0x47, 0xc0, 0x3f, 0xfe, 0x45,
    0x60, 0x1f, 0xff, 0x24, 0x80, 0xf, 0xff, 0x93,
    0xa8, 0x7, 0xff, 0xca, 0x88, 0x3, 0xff, 0xe5,
    0xe2, 0x1, 0xff, 0xf1, 0x2a, 0x0, 0xff, 0xf9,
    0x24, 0x80, 0x7f, 0xfc, 0x99, 0x40, 0x3f, 0xfe,
    0x54, 0x60, 0x1f, 0xff, 0x2d, 0x10, 0xf, 0xff,
    0x88, 0xe8, 0x7, 0xff, 0xc8, 0xe4, 0x3, 0xff,
    0xe4, 0xcc, 0x0, 0xff, 0xf9, 0x4a, 0x0, 0x7f,
    0xf7, 0xe0, 0x40, 0x3f, 0xf8, 0xb4, 0x40, 0x1f,
    0xfd, 0xe2, 0xa0, 0xf, 0xfe, 0x28, 0xf8, 0x7,
    0xff, 0x7d, 0x20, 0x3, 0xff, 0x8a, 0x54, 0x1,
    0xff, 0xdf, 0x75, 0x0, 0xff, 0xe2, 0xab, 0x80,
    0x7f, 0xf7, 0xe8, 0xc0, 0x3f, 0xf8, 0xb0, 0x80,
    0x1f, 0xfd, 0xfd, 0x10, 0xf, 0xfe, 0x2d, 0x90,
    0x7, 0xff, 0x78, 0x74, 0x3, 0xff, 0x8d, 0xe2,
    0x1, 0xff, 0xde, 0x39, 0x0, 0xff, 0xe2, 0x95,
    0x0, 0x7f, 0xf7, 0xd9, 0x80, 0x1f, 0xfc, 0x54,
    0x80, 0xf, 0xfe, 0xfc, 0xa0, 0x7, 0xff, 0x15,
    0xd4, 0x3, 0xff, 0xbf, 0x44, 0x1, 0xff, 0xc5,
    0xa3, 0x0, 0xff, 0xef, 0xf, 0x80, 0x7f, 0xf1,
    0xb4, 0x40, 0x3f, 0xfb, 0xc5, 0x40, 0x1f, 0xfc,
    0x51, 0xd0, 0xf, 0xfe, 0xfa, 0xb8, 0x7, 0xff,
    0x14, 0xe4, 0x3, 0xff, 0xbf, 0x8, 0x1, 0xff,
    0xc5, 0x63, 0x0, 0xff, 0xef, 0xd9, 0x0, 0x7f,
    0xfc, 0xbc, 0x40, 0x3f, 0xfe, 0x25, 0x40, 0x1f,
    0xff, 0x24, 0x80, 0xf, 0xff, 0x93, 0xa8, 0x7,
    0xff, 0xca, 0x8c, 0x3, 0xff, 0xe5, 0xa2, 0x1,
    0xff, 0xf1, 0x1d, 0x0, 0xff, 0xf9, 0x1c, 0x80,
    0x7f, 0xfc, 0x99, 0x80, 0x1f, 0xff, 0x29, 0x40,
    0xf, 0xff, 0x95, 0x10, 0x7, 0xff, 0xc4, 0x7c,
    0x3, 0xff, 0xe4, 0x54, 0x1, 0xff, 0xf2, 0x57,
    0x0, 0xff, 0xf9, 0x42, 0x0, 0x7f, 0xfc, 0xac,
    0x80, 0x3f, 0xfe, 0x5e, 0x20, 0x1f, 0xff, 0x12,
    0xa0, 0xf, 0xff, 0x92, 0x40, 0x7, 0xff, 0xc9,
    0xd4, 0x3, 0xff, 0xe5, 0x46, 0x1, 0xff, 0xf2,
    0xd1, 0x0, 0xff, 0xf8, 0x8e, 0x80, 0x7f, 0xfc,
    0x8e, 0x40, 0x3f, 0xfe, 0x4c, 0xc0, 0xf, 0xfe,
    0x8,

    /* U+004F "O" */
    0x0, 0xff, 0xea, 0x9, 0xa2, 0xa9, 0x95, 0x48,
    0x62, 0x1, 0xff, 0xef, 0x37, 0xad, 0xfe, 0xcb,
    0xaa, 0x4d, 0x52, 0xf3, 0xbf, 0x69, 0xcc, 0x3,
    0xff, 0xce, 0xb5, 0xd9, 0xa, 0x40, 0x1f, 0xfc,
    0x12, 0x58, 0xcf, 0xa5, 0x0, 0xff, 0xf0, 0x94,
    0xfd, 0x28, 0x80, 0x7f, 0xf2, 0x96, 0xbe, 0x4c,
    0x3, 0xff, 0xb8, 0x77, 0xac, 0x1, 0xff, 0xd1,
    0x6c, 0xb3, 0x0, 0xff, 0xec, 0x15, 0xe2, 0x0,
    0x7f, 0xf5, 0x53, 0x2c, 0x80, 0x3f, 0xfa, 0xb1,
    0xa8, 0x1, 0xff, 0xd9, 0x4d, 0x80, 0xf, 0xfe,
    0x91, 0x6b, 0x80, 0x7f, 0xf7, 0x5f, 0x48, 0x3,
    0xff, 0x9e, 0xba, 0x40, 0x1f, 0xfd, 0xf2, 0xd5,
    0x0, 0xff, 0xe6, 0xc5, 0x0, 0x7f, 0xf8, 0xea,
    0x0, 0x3f, 0xf9, 0x74, 0xe0, 0x1f, 0xfe, 0x57,
    0x90, 0xf, 0xfe, 0x4d, 0x28, 0x7, 0xff, 0x9d,
    0xa8, 0x3, 0xff, 0x8f, 0x2a, 0x1, 0xff, 0xe9,
    0x59, 0x0, 0xff, 0xe2, 0xbb, 0x0, 0x7f, 0xfa,
    0xd9, 0x80, 0x1f, 0xfc, 0x34, 0x80, 0xf, 0xfe,
    0x51, 0xbd, 0x67, 0x7f, 0xdd, 0x94, 0xe6, 0x1,
    0xff, 0xca, 0x93, 0x0, 0xff, 0xe0, 0x8d, 0x0,
    0x7f, 0xf2, 0xa, 0x3b, 0x21, 0x4c, 0x40, 0x21,
    0x35, 0x8c, 0xe9, 0x20, 0xf, 0xfe, 0x46, 0x88,
    0x7, 0xff, 0x2, 0xc4, 0x3, 0xff, 0x8c, 0x35,
    0xae, 0x20, 0x1f, 0xfc, 0x11, 0x6d, 0xa2, 0x0,
    0xff, 0xe3, 0xd, 0x80, 0x7f, 0xca, 0xa0, 0xf,
    0xfe, 0x33, 0x72, 0x80, 0x7f, 0xf1, 0xd7, 0x60,
    0x3, 0xff, 0x8c, 0xa8, 0x1, 0xfe, 0x80, 0xf,
    0xfe, 0x35, 0xc8, 0x7, 0xff, 0x2d, 0xf0, 0x40,
    0x3f, 0xf8, 0xb2, 0x1, 0xfc, 0xc4, 0x1, 0xff,
    0xc4, 0x1d, 0x40, 0xf, 0xfe, 0x69, 0xe0, 0x80,
    0x7f, 0xf1, 0x9, 0x80, 0x3f, 0x40, 0x7, 0xff,
    0x10, 0x70, 0x80, 0x3f, 0xf9, 0xe5, 0x82, 0x1,
    0xff, 0xc4, 0x80, 0xf, 0x98, 0x40, 0x3f, 0xf8,
    0x9a, 0x40, 0x1f, 0xfd, 0x12, 0xd0, 0xf, 0xfe,
    0x20, 0xb0, 0x7, 0xa8, 0x3, 0xff, 0x89, 0x6,
    0x1, 0xff, 0xd3, 0x39, 0x0, 0xff, 0xe2, 0x50,
    0x7, 0x11, 0x80, 0x7f, 0xf0, 0xcd, 0xc0, 0x3f,
    0xfa, 0xac, 0x60, 0x1f, 0xfc, 0x33, 0x30, 0x6,
    0xa0, 0xf, 0xfe, 0x27, 0x80, 0x7f, 0xf5, 0xfc,
    0x3, 0xff, 0x89, 0x60, 0x19, 0x40, 0x3f, 0xf8,
    0x68, 0x60, 0x1f, 0xfd, 0x73, 0x50, 0xf, 0xfe,
    0x1a, 0x80, 0x42, 0x40, 0x1f, 0xfc, 0x3f, 0x0,
    0xff, 0xec, 0xc8, 0x7, 0xff, 0xc, 0x88, 0x0,
    0x40, 0xf, 0xfe, 0x19, 0x20, 0x7, 0xff, 0x64,
    0xc8, 0x3, 0xff, 0x86, 0xe0, 0xd, 0x0, 0xff,
    0xe1, 0xa8, 0x7, 0xff, 0x6d, 0x40, 0x3f, 0xf8,
    0x78, 0x0, 0x30, 0xf, 0xfe, 0x1e, 0x0, 0x7f,
    0xf6, 0xec, 0x3, 0xff, 0x86, 0xa0, 0x5, 0x0,
    0xff, 0xe1, 0xa0, 0x7, 0xff, 0x6c, 0xc0, 0x3f,
    0xf8, 0x64, 0x0, 0x10, 0xf, 0xfe, 0x11, 0x0,
    0x7f, 0xf7, 0x48, 0x3, 0xff, 0x84, 0x20, 0x20,
    0x1f, 0xfc, 0x36, 0x0, 0xff, 0xee, 0xb8, 0x7,
    0xff, 0xc, 0x8c, 0x3, 0xff, 0x86, 0x40, 0x1f,
    0xfd, 0xd3, 0x0, 0xff, 0xe1, 0x88, 0x80, 0x3f,
    0xf8, 0x62, 0x1, 0xff, 0xdd, 0x10, 0xf, 0xfe,
    0x1b, 0x80, 0x7f, 0xf1, 0x3c, 0x3, 0xff, 0xbb,
    0xe0, 0x1f, 0xff, 0xf0, 0xf, 0xfe, 0xa7, 0x80,
    0x7f, 0xf7, 0x7c, 0x3, 0xff, 0x86, 0xe2, 0x1,
    0xff, 0xc3, 0x10, 0xf, 0xfe, 0xe8, 0x80, 0x7f,
    0xf0, 0xc4, 0xc0, 0x3f, 0xf8, 0x64, 0x1, 0xff,
    0xdd, 0x20, 0xf, 0xfe, 0x19, 0x88, 0x7, 0xff,
    0xd, 0x40, 0x3f, 0xfb, 0xaa, 0x1, 0xff, 0xc3,
    0x10, 0x20, 0xf, 0xfe, 0x10, 0x88, 0x3, 0xff,
    0xb6, 0x22, 0x0, 0xff, 0xe1, 0x10, 0x1, 0xc0,
    0x3f, 0xf8, 0x68, 0x1, 0xff, 0xdb, 0x40, 0xf,
    0xfe, 0x1b, 0x0, 0x34, 0x3, 0xff, 0x87, 0xe0,
    0x1f, 0xfd, 0xbf, 0x0, 0xff, 0xe1, 0xe0, 0x0,
    0xc0, 0x3f, 0xf8, 0x6a, 0x20, 0x1f, 0xfd, 0xa5,
    0x0, 0xff, 0xe1, 0x98, 0x1, 0x0, 0x3f, 0xf8,
    0x8c, 0x1, 0xff, 0xd9, 0x60, 0xf, 0xfe, 0x22,
    0x0, 0x48, 0x1, 0xff, 0xc3, 0x90, 0xf, 0xfe,
    0xcd, 0x80, 0x7f, 0xf0, 0xd0, 0x3, 0x68, 0x7,
    0xff, 0xc, 0x5c, 0x3, 0xff, 0xae, 0xc4, 0x1,
    0xff, 0xc3, 0xd0, 0xc, 0xe0, 0x1f, 0xfc, 0x48,
    0x10, 0xf, 0xfe, 0xa8, 0xc0, 0x7, 0xff, 0x11,
    0xc0, 0x30, 0xa8, 0x7, 0xff, 0x12, 0x80, 0x3f,
    0xfa, 0xb4, 0x20, 0x1f, 0xfc, 0x35, 0x10, 0xe,
    0x90, 0xf, 0xfe, 0x22, 0x40, 0x7, 0xff, 0x4e,
    0x10, 0x3, 0xff, 0x89, 0x20, 0x1e, 0x34, 0x0,
    0xff, 0xe2, 0x3b, 0x0, 0x7f, 0xf4, 0x5d, 0xc0,
    0x1f, 0xfc, 0x44, 0x30, 0xf, 0xa0, 0x3, 0xff,
    0x8b, 0x2e, 0x1, 0xff, 0xcf, 0x78, 0x0, 0xff,
    0xe2, 0xc0, 0x7, 0xe3, 0x50, 0xf, 0xfe, 0x2c,
    0x48, 0x7, 0xff, 0x36, 0xa0, 0x3, 0xff, 0x8a,
    0xa6, 0x1, 0xfd, 0x60, 0x1f, 0xfc, 0x66, 0xd4,
    0x0, 0xff, 0xe4, 0xa7, 0x28, 0x7, 0xff, 0x1a,
    0xc0, 0x3f, 0xc3, 0x20, 0x1f, 0xfc, 0x62, 0xbb,
    0x18, 0x7, 0xff, 0x15, 0x2e, 0xc2, 0x1, 0xff,
    0xc6, 0x91, 0x0, 0xff, 0x99, 0x0, 0x3f, 0xf8,
    0xe9, 0x9a, 0xe4, 0x1, 0xff, 0x13, 0xed, 0xa0,
    0x7, 0xff, 0x1d, 0x18, 0x3, 0xff, 0x83, 0x42,
    0x1, 0xff, 0xc8, 0x28, 0xde, 0xb9, 0x76, 0x69,
    0xe6, 0xfb, 0x60, 0x80, 0x3f, 0xf9, 0x3, 0x40,
    0x1f, 0xfc, 0x21, 0xd0, 0xf, 0xfe, 0x58, 0xa3,
    0x44, 0xcd, 0xc, 0x82, 0x1, 0xff, 0xcb, 0xd1,
    0x0, 0xff, 0xe1, 0x9d, 0x80, 0x7f, 0xfa, 0xec,
    0xc0, 0x3f, 0xf8, 0xa9, 0x40, 0x1f, 0xfe, 0x9a,
    0x40, 0xf, 0xfe, 0x3a, 0xd8, 0x7, 0xff, 0x9e,
    0xd4, 0x3, 0xff, 0x92, 0x98, 0x20, 0x1f, 0xfe,
    0x31, 0xc4, 0x0, 0xff, 0xe5, 0x9f, 0x98, 0x7,
    0xff, 0x84, 0xfc, 0xc0, 0x3f, 0xf9, 0xa3, 0x90,
    0x1, 0xff, 0xdf, 0x8c, 0x10, 0xf, 0xfe, 0x83,
    0xe9, 0x80, 0x7f, 0xf6, 0xcf, 0x5c, 0x3, 0xff,
    0xa6, 0x59, 0x44, 0x1, 0xff, 0xd7, 0x2a, 0xc2,
    0x0, 0xff, 0xeb, 0x2e, 0xd1, 0x80, 0x7f, 0xf4,
    0xce, 0xb5, 0x40, 0x3f, 0xfb, 0x4b, 0x98, 0x61,
    0x0, 0xff, 0xe7, 0x36, 0x61, 0x40, 0x3f, 0xfb,
    0xc7, 0x3d, 0x6e, 0x40, 0x1f, 0xfc, 0x72, 0x6b,
    0xf9, 0x30, 0xf, 0xff, 0x1a, 0x46, 0xfd, 0xcb,
    0x21, 0x8, 0x7, 0x9, 0x23, 0x45, 0xf6, 0xca,
    0x0, 0x7f, 0xf3, 0x40,

    /* U+0050 "P" */
    0xf, 0xff, 0xfe, 0xa6, 0xe5, 0xcb, 0x20, 0x7,
    0xff, 0xa8, 0x8d, 0x1a, 0x6f, 0xf2, 0xc, 0x3,
    0xff, 0xda, 0x6f, 0x9d, 0x2, 0x1, 0xff, 0xed,
    0x17, 0xe9, 0x20, 0xf, 0xff, 0x73, 0x6c, 0x0,
    0x7f, 0xfb, 0xdf, 0x4c, 0x3, 0xff, 0xdc, 0x58,
    0xa0, 0x1f, 0xfe, 0xfa, 0x70, 0xf, 0xff, 0x7c,
    0x30, 0x7, 0xff, 0xbe, 0x50, 0x3, 0xff, 0xdf,
    0x62, 0x1, 0xff, 0xef, 0xa0, 0xf, 0xfe, 0x40,
    0x91, 0x7f, 0xf0, 0x84, 0x3, 0xff, 0x96, 0x8a,
    0x1, 0xff, 0xc7, 0x6d, 0xdf, 0xfe, 0x17, 0x7e,
    0xd3, 0x8, 0x7, 0xff, 0x1e, 0x0, 0x3f, 0xfb,
    0x4, 0xb3, 0xd4, 0x40, 0x1f, 0xfc, 0x52, 0x50,
    0xf, 0xfe, 0xda, 0xeb, 0x80, 0x7f, 0xf1, 0x78,
    0x3, 0xff, 0xbb, 0x12, 0x1, 0xff, 0xc4, 0x41,
    0x0, 0xff, 0xee, 0xb3, 0x0, 0x3f, 0xf8, 0x88,
    0x1, 0xff, 0xde, 0x91, 0x0, 0xff, 0xe1, 0xe0,
    0x7, 0xff, 0x7e, 0x40, 0x3f, 0xf8, 0x6a, 0x1,
    0xff, 0xdf, 0x60, 0xf, 0xfe, 0x19, 0x80, 0x7f,
    0xf7, 0xc4, 0x80, 0x3f, 0xf8, 0x62, 0x1, 0xff,
    0xdf, 0x70, 0xf, 0xfe, 0x19, 0x80, 0x7f, 0xf7,
    0xc8, 0x3, 0xff, 0x86, 0x20, 0x1f, 0xff, 0xf0,
    0xf, 0xff, 0xf8, 0x7, 0xff, 0x4, 0x80, 0x3f,
    0xf8, 0x62, 0x1, 0xff, 0xdf, 0x60, 0xf, 0xfe,
    0x19, 0x80, 0x7f, 0xf7, 0x84, 0xc0, 0x3f, 0xf8,
    0x62, 0x1, 0xff, 0xde, 0x60, 0xf, 0xfe, 0x19,
    0x80, 0x7f, 0xf7, 0xe4, 0x3, 0xff, 0x86, 0xa0,
    0x1f, 0xfd, 0xe9, 0x10, 0xf, 0xfe, 0x1e, 0x0,
    0x7f, 0xf7, 0x59, 0x80, 0x1f, 0xfc, 0x44, 0x0,
    0xff, 0xee, 0x44, 0x80, 0x7f, 0xf1, 0x10, 0x40,
    0x3f, 0xfb, 0x4b, 0xae, 0x1, 0xff, 0xc5, 0xe0,
    0xf, 0xfe, 0xb9, 0x2c, 0xf5, 0x10, 0x7, 0xff,
    0x14, 0x94, 0x3, 0xff, 0x8c, 0xdb, 0xbf, 0xfc,
    0x2e, 0xfd, 0xa6, 0x10, 0xf, 0xfe, 0x3c, 0x0,
    0x7f, 0xf1, 0xc4, 0x8b, 0xff, 0x84, 0x20, 0x1f,
    0xfc, 0xb4, 0x50, 0xf, 0xff, 0x75, 0x0, 0x7f,
    0xfb, 0xac, 0x40, 0x3f, 0xfd, 0xb2, 0x80, 0x1f,
    0xfe, 0xd8, 0x60, 0xf, 0xff, 0x6d, 0x38, 0x7,
    0xff, 0xb0, 0xb1, 0x40, 0x3f, 0xfd, 0x8f, 0xa6,
    0x1, 0xff, 0xeb, 0x6d, 0x80, 0xf, 0xff, 0x50,
    0xbf, 0x49, 0x0, 0x7f, 0xfa, 0xd, 0xf3, 0xa0,
    0x40, 0x3f, 0xfc, 0x62, 0x68, 0xd3, 0x7f, 0x90,
    0x60, 0x1f, 0xfd, 0x57, 0xff, 0xff, 0xe2, 0x76,
    0x5c, 0xb2, 0x0, 0x7f, 0xff, 0xc0, 0x3f, 0xff,
    0xe0, 0x1f, 0xff, 0xf0, 0xf, 0xff, 0xf8, 0x7,
    0xff, 0xfc, 0x3, 0xff, 0xfe, 0x1, 0xff, 0xff,
    0x0, 0xff, 0xff, 0x80, 0x7f, 0xff, 0xc0, 0x3f,
    0xff, 0xe0, 0x1f, 0xff, 0xf0, 0xf, 0xff, 0xf8,
    0x7, 0xff, 0xfc, 0x3, 0xff, 0xee, 0xef, 0xff,
    0xc3, 0xc0, 0xf, 0xfe, 0xf8,

    /* U+0051 "Q" */
    0x0, 0xff, 0xe8, 0xa3, 0x4d, 0xef, 0x7f, 0xf7,
    0x6d, 0xcb, 0xa0, 0x80, 0x7f, 0xfb, 0x12, 0x37,
    0xee, 0x59, 0x8, 0x40, 0x38, 0x49, 0x1a, 0x2f,
    0xb6, 0x50, 0x3, 0xff, 0xcc, 0x73, 0xd6, 0xe4,
    0x1, 0xff, 0xc7, 0x26, 0xbf, 0x93, 0x0, 0xff,
    0xf0, 0xae, 0x61, 0x84, 0x3, 0xff, 0x9c, 0xd9,
    0x85, 0x0, 0xff, 0xee, 0xa6, 0xd1, 0x80, 0x7f,
    0xf4, 0xce, 0xb5, 0x40, 0x3f, 0xfb, 0x25, 0x76,
    0x20, 0xf, 0xfe, 0xb9, 0x55, 0x90, 0x7, 0xff,
    0x59, 0xf5, 0x0, 0x3f, 0xfb, 0x69, 0xae, 0x1,
    0xff, 0xd3, 0x1b, 0x80, 0xf, 0xfe, 0xfc, 0x60,
    0x80, 0x7f, 0xf4, 0xb, 0xd0, 0x3, 0xff, 0xc2,
    0x7e, 0x60, 0x1f, 0xfc, 0xe4, 0xd1, 0x0, 0xff,
    0xf1, 0x8e, 0x20, 0x7, 0xff, 0x31, 0x2c, 0x3,
    0xff, 0xcf, 0x6a, 0x1, 0xff, 0xca, 0x4b, 0x0,
    0xff, 0xf4, 0xd2, 0x0, 0x7f, 0xf2, 0xa, 0xc0,
    0x3f, 0xfd, 0x76, 0x60, 0x1f, 0xfc, 0x61, 0xf0,
    0xf, 0xfe, 0x58, 0xa3, 0x44, 0xcd, 0xc, 0x82,
    0x1, 0xff, 0xcb, 0xd1, 0x0, 0xff, 0xe2, 0xd1,
    0x0, 0x7f, 0xf2, 0xa, 0x37, 0xae, 0x5d, 0x9a,
    0x79, 0xbe, 0xd8, 0x20, 0xf, 0xfe, 0x40, 0xd0,
    0x7, 0xff, 0x11, 0x90, 0x3, 0xff, 0x8e, 0x99,
    0xae, 0x40, 0x1f, 0xf1, 0x3e, 0xda, 0x0, 0x7f,
    0xf1, 0xd1, 0x80, 0x3f, 0xf8, 0x43, 0x20, 0x1f,
    0xfc, 0x62, 0xbb, 0x18, 0x7, 0xff, 0x15, 0x2e,
    0xc2, 0x1, 0xff, 0xc6, 0x92, 0x0, 0xff, 0xe0,
    0xd8, 0x7, 0xff, 0x19, 0x75, 0x0, 0x3f, 0xf9,
    0x29, 0xca, 0x1, 0xff, 0xc6, 0x80, 0xf, 0xfe,
    0x1, 0xa8, 0x7, 0xff, 0x16, 0x28, 0x3, 0xff,
    0x9b, 0x4e, 0x1, 0xff, 0xc5, 0x53, 0x0, 0xff,
    0xa0, 0x3, 0xff, 0x8b, 0x2e, 0x1, 0xff, 0xcf,
    0x88, 0x0, 0x7f, 0xf1, 0x7c, 0x3, 0xfc, 0x68,
    0x1, 0xff, 0xc4, 0x76, 0x0, 0xff, 0xe8, 0xbb,
    0x80, 0x3f, 0xf8, 0x86, 0x60, 0xf, 0xe9, 0x0,
    0xff, 0xe2, 0x24, 0x0, 0x7f, 0xf4, 0xe1, 0x0,
    0x3f, 0xf8, 0x92, 0x1, 0xf8, 0x54, 0x3, 0xff,
    0x89, 0x40, 0x1f, 0xfd, 0x5a, 0x0, 0xff, 0xe2,
    0x28, 0x80, 0x7c, 0xe0, 0x1f, 0xfc, 0x48, 0x10,
    0xf, 0xfe, 0xa8, 0xc8, 0x7, 0xff, 0x11, 0xc0,
    0x3e, 0xd0, 0xf, 0xfe, 0x18, 0xb8, 0x7, 0xff,
    0x5d, 0x88, 0x3, 0xff, 0x87, 0xa0, 0x1f, 0x20,
    0x7, 0xff, 0xe, 0x0, 0x3f, 0xfb, 0x36, 0x1,
    0xff, 0xc3, 0x40, 0xf, 0x20, 0x7, 0xff, 0x11,
    0x80, 0x3f, 0xfb, 0x2c, 0x1, 0xff, 0xc4, 0x40,
    0xe, 0x30, 0xf, 0xfe, 0x1a, 0x80, 0x7f, 0xf6,
    0xd4, 0x3, 0xff, 0x87, 0x80, 0x1d, 0xa0, 0x1f,
    0xfc, 0x3f, 0x0, 0xff, 0xed, 0xf8, 0x7, 0xff,
    0xc, 0xc0, 0x39, 0xc0, 0x3f, 0xf8, 0x68, 0x1,
    0xff, 0xdb, 0x40, 0xf, 0xfe, 0x1b, 0x0, 0x71,
    0x0, 0x7f, 0xf0, 0x84, 0x40, 0x1f, 0xfd, 0xb1,
    0x10, 0x7, 0xff, 0x8, 0x80, 0x30, 0x80, 0x7f,
    0xf0, 0xd4, 0x3, 0xff, 0xba, 0xa0, 0x1f, 0xfc,
    0x31, 0x0, 0x8c, 0x3, 0xff, 0x86, 0x40, 0x1f,
    0xfd, 0xd2, 0x0, 0xff, 0xe1, 0x98, 0x4, 0x20,
    0x1f, 0xfc, 0x31, 0x0, 0xff, 0xee, 0x88, 0x7,
    0xff, 0xc, 0x40, 0x3f, 0xf8, 0xfe, 0x1, 0xff,
    0xdd, 0xf0, 0xf, 0xfe, 0x1b, 0x80, 0x7f, 0xff,
    0xc0, 0x3f, 0xf9, 0x5e, 0x1, 0xff, 0xdd, 0xf0,
    0xf, 0xfe, 0x38, 0x80, 0x7f, 0xf0, 0xc4, 0x3,
    0xff, 0xba, 0x20, 0x1f, 0xfc, 0x37, 0x0, 0x8c,
    0x3, 0xff, 0x86, 0x40, 0x1f, 0xfd, 0xd3, 0x0,
    0xff, 0xe1, 0x88, 0x4, 0x20, 0x1f, 0xfc, 0x36,
    0x0, 0xff, 0xee, 0xb8, 0x7, 0xff, 0xc, 0x80,
    0x30, 0x80, 0x7f, 0xf0, 0x88, 0x3, 0xff, 0xba,
    0x40, 0x1f, 0xfc, 0x21, 0x0, 0xe5, 0x0, 0xff,
    0xe1, 0xa0, 0x7, 0xff, 0x6d, 0x0, 0x3f, 0xf8,
    0x64, 0x1, 0xc6, 0x1, 0xff, 0xc3, 0xc0, 0xf,
    0xfe, 0xde, 0x0, 0x7f, 0xf0, 0xd4, 0x3, 0xb4,
    0x3, 0xff, 0x86, 0xc0, 0x1f, 0xfd, 0xb5, 0x0,
    0xff, 0xe1, 0xe0, 0x7, 0x20, 0x7, 0xff, 0xc,
    0x50, 0x3, 0xff, 0xb2, 0x84, 0x1, 0xff, 0xc3,
    0x40, 0xe, 0x12, 0x0, 0xff, 0xe1, 0xf8, 0x7,
    0xff, 0x67, 0xc0, 0x3f, 0xf8, 0x64, 0x20, 0x1e,
    0x50, 0xf, 0xfe, 0x1a, 0x18, 0x7, 0xff, 0x5c,
    0xd0, 0x3, 0xff, 0x86, 0xa0, 0x1f, 0x50, 0x7,
    0xff, 0x13, 0xc0, 0x3f, 0xfa, 0xfe, 0x1, 0xff,
    0xc4, 0xa0, 0xf, 0x88, 0xc0, 0x3f, 0xf8, 0x66,
    0xe0, 0x1f, 0xfd, 0x57, 0x30, 0xf, 0xfe, 0x19,
    0x90, 0x7, 0xea, 0x0, 0xff, 0xe2, 0x41, 0x80,
    0x7f, 0xf4, 0xce, 0x0, 0x3f, 0xf8, 0x94, 0x1,
    0xfc, 0xc2, 0x1, 0xff, 0xc4, 0xd2, 0x0, 0xff,
    0xe8, 0x96, 0x80, 0x7f, 0xf1, 0x5, 0x80, 0x3f,
    0xd0, 0x1, 0xff, 0xc4, 0x1c, 0x20, 0xf, 0xfe,
    0x79, 0x60, 0x80, 0x7f, 0xf1, 0x20, 0x3, 0xfe,
    0x62, 0x0, 0xff, 0xe2, 0xe, 0x18, 0x7, 0xff,
    0x35, 0x30, 0x40, 0x3f, 0xf8, 0x84, 0xc0, 0x1f,
    0xfc, 0x8, 0x0, 0xff, 0xe2, 0x8e, 0x40, 0x7,
    0xff, 0x2e, 0x2c, 0x40, 0x3f, 0xf8, 0xb0, 0x1,
    0xff, 0xc1, 0x55, 0x0, 0x7f, 0xf1, 0x9f, 0x54,
    0x3, 0xff, 0x8e, 0xba, 0xe0, 0x1f, 0xfc, 0x64,
    0x50, 0xf, 0xfe, 0x15, 0x88, 0x7, 0xff, 0x18,
    0xab, 0x58, 0x40, 0x3f, 0xf8, 0x22, 0xdb, 0x44,
    0x1, 0xff, 0xc6, 0x1a, 0x0, 0xff, 0xe1, 0x8d,
    0x0, 0x7f, 0xf2, 0xa, 0x7b, 0x21, 0x4c, 0x40,
    0x21, 0x35, 0x8c, 0xe9, 0x20, 0xf, 0xfe, 0x45,
    0x8, 0x7, 0xff, 0x11, 0x20, 0x3, 0xff, 0x94,
    0x6f, 0x59, 0xdf, 0xf7, 0x65, 0x39, 0x80, 0x7f,
    0xf2, 0xa1, 0x0, 0x3f, 0xf8, 0xce, 0xc0, 0x1f,
    0xfe, 0xb5, 0x70, 0xf, 0xfe, 0x44, 0xa8, 0x7,
    0xff, 0xa5, 0x68, 0x3, 0xff, 0x95, 0x4a, 0x1,
    0xff, 0xe7, 0x5a, 0x0, 0xff, 0xe6, 0x53, 0x0,
    0x7f, 0xf9, 0x5a, 0x80, 0x3f, 0xf9, 0xd3, 0x20,
    0xf, 0xff, 0x1c, 0xc8, 0x3, 0xff, 0xa0, 0xd8,
    0x40, 0x1f, 0xfd, 0xf2, 0xc6, 0x0, 0xff, 0xe9,
    0x1e, 0xb8, 0x7, 0xff, 0x75, 0xf4, 0xc0, 0x3f,
    0xfa, 0xb1, 0xa8, 0x1, 0xff, 0xd9, 0x4d, 0x80,
    0xf, 0xfe, 0xc1, 0x5d, 0x90, 0x3, 0xff, 0xaa,
    0x77, 0x62, 0x0, 0xff, 0xed, 0xa5, 0xe3, 0x0,
    0x7f, 0xf4, 0x57, 0x30, 0x80, 0x1f, 0xfd, 0xf3,
    0x9f, 0xa5, 0x0, 0xff, 0xe6, 0x37, 0xd1, 0x80,
    0x7f, 0xf1, 0x20, 0x40, 0x3f, 0xfa, 0x4b, 0x5f,
    0x90, 0xa4, 0x1, 0xff, 0xc7, 0x64, 0x0, 0xff,
    0xe2, 0xcb, 0xe8, 0x7, 0xff, 0x54, 0xde, 0xb7,
    0xdc, 0x3, 0xff, 0x8d, 0x6c, 0x1, 0xff, 0xc2,
    0x1c, 0x60, 0x3a, 0x0, 0xff, 0xec, 0xc3, 0x0,
    0x7f, 0xf1, 0xa6, 0x42, 0x1, 0xff, 0x37, 0x18,
    0x4, 0xae, 0x1, 0xff, 0xd9, 0x96, 0x0, 0xff,
    0xe3, 0x37, 0xc1, 0x0, 0x78, 0x9f, 0xa4, 0x3,
    0xd0, 0x80, 0x1f, 0xfd, 0x99, 0x60, 0xf, 0xfe,
    0x30, 0xbe, 0xf5, 0xd5, 0x33, 0xb6, 0x4, 0x3,
    0xf5, 0x10, 0x7, 0xff, 0x66, 0x58, 0x3, 0xff,
    0x90, 0x28, 0xaa, 0x31, 0x0, 0xff, 0x87, 0xc0,
    0x3f, 0xfb, 0x52, 0xe0, 0x1f, 0xfd, 0x92, 0xb0,
    0xf, 0xfe, 0xd4, 0x48, 0x7, 0xff, 0x65, 0x18,
    0x3, 0xff, 0xb4, 0xd6, 0x1, 0xff, 0xd8, 0x27,
    0x0, 0xff, 0xed, 0xa6, 0x90, 0x7, 0xff, 0x54,
    0xb0, 0x40, 0x3f, 0xfb, 0x85, 0xac, 0x1, 0xff,
    0xd3, 0x3c, 0x10, 0xf, 0xfe, 0xfc, 0xd9, 0x0,
    0x7f, 0xf4, 0x17, 0x4, 0x3, 0xff, 0xc2, 0x9b,
    0x0, 0x1f, 0xfc, 0xd1, 0xaa, 0x0, 0x7f, 0xf9,
    0x5f, 0x9c, 0x40, 0x3f, 0xf9, 0x2f, 0xca, 0x1,
    0xff, 0xe7, 0x18, 0xea, 0x50, 0xf, 0xfe, 0x21,
    0xcf, 0xc0, 0x7, 0xff, 0xb1, 0x6b, 0xf2, 0x58,
    0xc8, 0x3, 0x9, 0x23, 0xd7, 0x63, 0x0, 0x7f,
    0x0,

    /* U+0052 "R" */
    0xf, 0xff, 0xfe, 0x9f, 0x6e, 0x54, 0x31, 0x80,
    0x7f, 0xfa, 0x84, 0x8d, 0x5e, 0x73, 0xf2, 0xc,
    0x3, 0xff, 0xdc, 0x6f, 0x9d, 0x4, 0x1, 0xff,
    0xee, 0x17, 0xda, 0x20, 0xf, 0xff, 0x7a, 0xec,
    0x80, 0x7f, 0xfc, 0x1b, 0x4c, 0x3, 0xff, 0xde,
    0x58, 0xc0, 0x1f, 0xff, 0x9, 0x80, 0xf, 0xff,
    0x83, 0xb8, 0x3, 0xff, 0xe1, 0xa, 0x1, 0xff,
    0xf0, 0xa2, 0x0, 0xff, 0xf8, 0x70, 0x7, 0xff,
    0x24, 0x48, 0xbf, 0xf8, 0x42, 0x1, 0xff, 0xcb,
    0x36, 0x0, 0xff, 0xe4, 0x36, 0xef, 0xff, 0xb,
    0xbf, 0x69, 0x84, 0x3, 0xff, 0x8f, 0x0, 0x1f,
    0xfd, 0x92, 0x59, 0xea, 0x20, 0xf, 0xfe, 0x28,
    0xa8, 0x7, 0xff, 0x71, 0x75, 0x80, 0x3f, 0xf8,
    0xbc, 0x1, 0xff, 0xde, 0x98, 0x0, 0xff, 0xe2,
    0x20, 0x80, 0x7f, 0xf7, 0x9d, 0x80, 0x3f, 0xf8,
    0x88, 0x1, 0xff, 0xdf, 0x91, 0x0, 0xff, 0xe1,
    0xe0, 0x7, 0xff, 0x82, 0x40, 0x3f, 0xf8, 0x6a,
    0x1, 0xff, 0xe0, 0x60, 0xf, 0xfe, 0x19, 0x80,
    0x7f, 0xf8, 0x4, 0x80, 0x3f, 0xf8, 0x62, 0x1,
    0xff, 0xe0, 0x70, 0xf, 0xfe, 0x19, 0x80, 0x7f,
    0xf8, 0x8, 0x3, 0xff, 0x86, 0x20, 0x1f, 0xff,
    0xf0, 0xf, 0xff, 0xf8, 0x7, 0xff, 0x10, 0x80,
    0x3f, 0xf8, 0x62, 0x1, 0xff, 0xe0, 0x60, 0xf,
    0xfe, 0x19, 0x80, 0x7f, 0xf8, 0xc, 0x3, 0xff,
    0x86, 0x20, 0x1f, 0xfd, 0xf5, 0x0, 0xff, 0xe1,
    0x90, 0x7, 0xff, 0x82, 0x0, 0x3f, 0xf8, 0x68,
    0x1, 0xff, 0xdf, 0x72, 0x0, 0xff, 0xe1, 0xf8,
    0x7, 0xff, 0x79, 0x20, 0x3, 0xff, 0x88, 0xe0,
    0x1f, 0xfd, 0xd5, 0xb0, 0xf, 0xfe, 0x21, 0x88,
    0x7, 0xff, 0x6c, 0x6a, 0x80, 0x1f, 0xfc, 0x59,
    0x0, 0xff, 0xec, 0x8a, 0xd7, 0x28, 0x7, 0xff,
    0x14, 0x54, 0x3, 0xff, 0x8e, 0x91, 0x1f, 0xfc,
    0x19, 0xab, 0xee, 0x52, 0x80, 0x7f, 0xf1, 0xe0,
    0x3, 0xff, 0x90, 0x6e, 0xff, 0xfc, 0x16, 0x54,
    0x10, 0xf, 0xfe, 0x49, 0xb0, 0x7, 0xff, 0xbf,
    0x80, 0x3f, 0xfd, 0xf4, 0x40, 0x1f, 0xfe, 0xe7,
    0x50, 0xf, 0xff, 0x73, 0xc0, 0x7, 0xff, 0xba,
    0x60, 0x3, 0xff, 0xda, 0x38, 0xc0, 0x1f, 0xfe,
    0xd6, 0xe3, 0x0, 0xff, 0xf6, 0x2e, 0xc8, 0x7,
    0xff, 0xb4, 0xe8, 0x80, 0x3f, 0xfd, 0xc6, 0xc0,
    0x1f, 0xff, 0x9, 0x20, 0xf, 0xfe, 0x8b, 0xff,
    0xff, 0xf0, 0x88, 0x3, 0xff, 0x87, 0xc0, 0x1f,
    0xfe, 0xe, 0x0, 0xff, 0xe1, 0x9b, 0x80, 0x7f,
    0xf7, 0xcd, 0xc0, 0x3f, 0xf8, 0x70, 0x40, 0x1f,
    0xfd, 0xf8, 0x20, 0xf, 0xfe, 0x1f, 0x80, 0x7f,
    0xf8, 0x3c, 0x3, 0xff, 0x86, 0x50, 0x1, 0xff,
    0xdf, 0x28, 0x0, 0xff, 0xe1, 0xb9, 0x80, 0x7f,
    0xf7, 0xdc, 0xc0, 0x3f, 0xf8, 0x7c, 0x1, 0xff,
    0xe0, 0xe0, 0xf, 0xfe, 0x19, 0x48, 0x7, 0xff,
    0x7c, 0xa0, 0x3, 0xff, 0x86, 0xc8, 0x1, 0xff,
    0xdf, 0x73, 0x0, 0xff, 0xe1, 0xd0, 0x80, 0x7f,
    0xf7, 0xf8, 0x3, 0xff, 0x86, 0x36, 0x1, 0xff,
    0xdf, 0x29, 0x0, 0xff, 0xe1, 0xaa, 0x80, 0x3f,
    0xfb, 0xec, 0x80, 0x1f, 0xfc, 0x3b, 0x10, 0xf,
    0xfe, 0xfd, 0x0, 0x7f, 0xf0, 0xc6, 0x80, 0x3f,
    0xfb, 0xe3, 0x40, 0x1f, 0xfc, 0x34, 0x60, 0xf,
    0xfe, 0xfa, 0xa0, 0x7, 0xff, 0xe, 0x48, 0x3,
    0xff, 0xbf, 0x42, 0x1, 0xff, 0xc3, 0xe0, 0xf,
    0xfe, 0xf8, 0xd8, 0x7, 0xff, 0xc, 0xdc, 0x3,
    0xff, 0xbe, 0xaa, 0x0, 0xff, 0xe1, 0xc1, 0x0,

    /* U+0053 "S" */
    0x0, 0xff, 0xe4, 0xa3, 0x4d, 0x66, 0xf7, 0xff,
    0x76, 0xdd, 0x42, 0x98, 0x7, 0xff, 0x59, 0x23,
    0x7e, 0xe5, 0x94, 0xc8, 0x40, 0x38, 0x49, 0x15,
    0xeb, 0x3f, 0x25, 0x44, 0x3, 0xff, 0x9c, 0x51,
    0xd6, 0xe4, 0x1, 0xff, 0xc9, 0x36, 0xae, 0xb6,
    0x10, 0xf, 0xfe, 0x49, 0x56, 0xb8, 0x80, 0x7f,
    0xf4, 0x12, 0x7a, 0x8c, 0x3, 0xff, 0x8d, 0x1a,
    0xa0, 0x1f, 0xfd, 0x65, 0xcc, 0x20, 0x7, 0xff,
    0x8, 0xb5, 0xc0, 0x3f, 0xfb, 0x47, 0x76, 0x20,
    0xf, 0xf9, 0x74, 0x80, 0x3f, 0xfb, 0xa8, 0xa0,
    0x1f, 0xe6, 0xa0, 0xf, 0xff, 0x3, 0x0, 0x7f,
    0x2c, 0x80, 0x7f, 0xf8, 0x14, 0x40, 0x3f, 0x15,
    0x0, 0x7f, 0xf8, 0x78, 0x3, 0xfb, 0xc0, 0x3f,
    0xfc, 0x24, 0x80, 0x1f, 0x9c, 0x80, 0x3f, 0xfc,
    0x34, 0x1, 0xf8, 0x64, 0x3, 0xff, 0x92, 0x48,
    0xab, 0x90, 0xc4, 0x3, 0xff, 0x88, 0xc0, 0x1f,
    0x98, 0x40, 0x3f, 0xf8, 0xa5, 0x19, 0xfb, 0x75,
    0x5a, 0xf3, 0xbf, 0x21, 0x44, 0x3, 0xfc, 0xa2,
    0x1, 0xfa, 0x80, 0x3f, 0xf8, 0x85, 0x7a, 0xe6,
    0x1, 0xff, 0x1b, 0xd7, 0x63, 0x88, 0x7, 0xdc,
    0x1, 0xf8, 0x88, 0x1, 0xff, 0xc3, 0x6d, 0x40,
    0xf, 0xfe, 0x31, 0xc7, 0x5a, 0x0, 0x62, 0x40,
    0xf, 0xca, 0x1, 0xff, 0xc3, 0x49, 0x0, 0xff,
    0xe5, 0xa5, 0xea, 0x80, 0x28, 0x3, 0xfb, 0x40,
    0x3f, 0xf8, 0x72, 0x1, 0xff, 0xce, 0x2a, 0xd4,
    0x60, 0xf, 0xe6, 0x0, 0xff, 0xe1, 0x21, 0x0,
    0x7f, 0xf4, 0xa, 0xc4, 0x3, 0xf8, 0x80, 0x3f,
    0xf8, 0x46, 0x1, 0xff, 0xdd, 0x10, 0xf, 0xff,
    0xd8, 0x80, 0x7f, 0xf7, 0x44, 0x3, 0xff, 0x84,
    0xe0, 0x1f, 0xfd, 0xd3, 0x0, 0xff, 0xe1, 0xc,
    0x0, 0x7f, 0xf7, 0x18, 0x3, 0xff, 0x86, 0xf0,
    0x1, 0xff, 0xdb, 0x30, 0xf, 0xfe, 0x23, 0xea,
    0x0, 0x7f, 0xf6, 0x70, 0x3, 0xff, 0x8a, 0x57,
    0xac, 0x20, 0x1f, 0xfd, 0x64, 0x0, 0xff, 0xe3,
    0x94, 0xf6, 0x42, 0x0, 0x7f, 0xf5, 0x18, 0x3,
    0xff, 0x92, 0x6f, 0x7f, 0x90, 0x80, 0x1f, 0xfd,
    0x8, 0x0, 0xff, 0xe6, 0x9b, 0xdf, 0xe4, 0x20,
    0x7, 0xff, 0x30, 0x60, 0x3, 0xff, 0xa0, 0x6f,
    0x7f, 0x8e, 0x60, 0x1f, 0xfc, 0x97, 0x40, 0xf,
    0xfe, 0x99, 0xc6, 0x74, 0xa0, 0x7, 0xff, 0x1e,
    0xcc, 0x3, 0xff, 0xaa, 0x2d, 0x7d, 0x2, 0x1,
    0xff, 0xc5, 0xd3, 0x0, 0xff, 0xeb, 0x8b, 0xf4,
    0x88, 0x7, 0xff, 0xc, 0x71, 0x40, 0x3f, 0xfb,
    0x2d, 0xd0, 0x1, 0xff, 0xc4, 0xaa, 0x8, 0x7,
    0xff, 0x65, 0xf4, 0x80, 0x3f, 0xf8, 0x6b, 0xce,
    0x1, 0xff, 0xd9, 0x2d, 0x40, 0xf, 0xfe, 0x24,
    0x74, 0x8, 0x7, 0xff, 0x62, 0xd0, 0x3, 0xff,
    0x88, 0x2f, 0xd4, 0x80, 0x1f, 0xfd, 0x7b, 0x30,
    0xf, 0xfe, 0x32, 0xdf, 0x52, 0x80, 0x7f, 0xf5,
    0x78, 0x3, 0xff, 0x90, 0x2b, 0x5f, 0x8e, 0x60,
    0x1f, 0xfd, 0x12, 0x80, 0xf, 0xfe, 0x59, 0xc6,
    0x7e, 0x42, 0x8, 0x7, 0xff, 0x35, 0xc4, 0x3,
    0xff, 0x9c, 0x6f, 0x7d, 0xb2, 0x80, 0x1f, 0xfc,
    0xb6, 0x0, 0xff, 0xe9, 0x13, 0x5f, 0xdb, 0x8,
    0x7, 0xff, 0x1e, 0x80, 0x3f, 0xfa, 0xc9, 0x3d,
    0x44, 0x1, 0xff, 0xc5, 0x21, 0x0, 0xff, 0xec,
    0x2e, 0xc0, 0x7, 0xff, 0x15, 0x40, 0x3f, 0xfb,
    0x4f, 0x60, 0x1f, 0xfc, 0x42, 0x0, 0xff, 0xed,
    0xa3, 0x80, 0x7f, 0xf0, 0xf8, 0x3, 0xff, 0xb9,
    0x40, 0x1f, 0xfe, 0xc2, 0x0, 0xff, 0xe4, 0x92,
    0x80, 0x7f, 0xf5, 0x84, 0x3, 0xff, 0x91, 0x55,
    0x8, 0x7, 0xff, 0x50, 0x40, 0x3f, 0xf8, 0x5c,
    0x1, 0xce, 0xb, 0xce, 0x1, 0xff, 0xd2, 0x60,
    0xf, 0xfe, 0x1a, 0x80, 0x67, 0x0, 0xd1, 0xce,
    0x20, 0x1f, 0xfc, 0xe1, 0x80, 0xf, 0xfe, 0x19,
    0x80, 0x69, 0x0, 0xe1, 0x8e, 0x93, 0x0, 0xff,
    0xe5, 0x8e, 0x88, 0x7, 0xff, 0x8, 0xc0, 0x32,
    0x88, 0x7, 0xe6, 0xcd, 0x83, 0x0, 0xff, 0xe3,
    0xaf, 0x98, 0x7, 0xff, 0xe, 0x80, 0x34, 0x80,
    0x7f, 0xc4, 0xf9, 0xd4, 0xc6, 0x20, 0x1f, 0xf1,
    0xc6, 0xd0, 0x80, 0x7f, 0xf1, 0x18, 0x2, 0x33,
    0x0, 0x7f, 0xf0, 0x85, 0x67, 0x3b, 0x9b, 0x75,
    0x5a, 0xf3, 0xbf, 0x1c, 0x80, 0x3f, 0xf8, 0xae,
    0x1, 0xa0, 0x3, 0xff, 0x90, 0x24, 0x8a, 0xb9,
    0xc, 0x40, 0x3f, 0xf9, 0x3, 0x20, 0x11, 0x20,
    0x7, 0xff, 0x9a, 0xc4, 0x2, 0xb0, 0xf, 0xff,
    0x32, 0xa8, 0x2, 0x16, 0x0, 0xff, 0xf2, 0x9d,
    0x0, 0x72, 0x0, 0x7f, 0xf9, 0xf, 0x0, 0x38,
    0x6e, 0x40, 0x3f, 0xfc, 0x4b, 0x80, 0x1f, 0x9b,
    0x98, 0x3, 0xff, 0xbf, 0x14, 0x1, 0xfe, 0x19,
    0xe6, 0x0, 0xff, 0xed, 0x9e, 0xb8, 0x7, 0xff,
    0x4, 0x67, 0xe4, 0xc0, 0x3f, 0xfa, 0xc5, 0x58,
    0x40, 0x1f, 0xfc, 0x56, 0xcd, 0x83, 0x0, 0xff,
    0xe8, 0xa5, 0xea, 0x80, 0x7f, 0xf2, 0x49, 0xf3,
    0xa9, 0x8c, 0x3, 0xff, 0x92, 0x2b, 0x3d, 0x68,
    0x1, 0xff, 0xce, 0x15, 0x9c, 0xfc, 0xa7, 0x54,
    0x21, 0x0, 0xf0, 0x92, 0x34, 0x56, 0xf5, 0x30,
    0x80, 0x7f, 0xf0, 0xc0,

    /* U+0054 "T" */
    0x7d, 0xdf, 0xff, 0x6e, 0x71, 0x17, 0xff, 0xb4,
    0xc0, 0x3f, 0xff, 0xe0, 0x1f, 0xff, 0xf0, 0xf,
    0xff, 0xf8, 0x7, 0xff, 0xfc, 0x3, 0xff, 0xfe,
    0x1, 0xff, 0xff, 0x0, 0xff, 0xff, 0x80, 0x7f,
    0xff, 0xc0, 0x3f, 0xfc, 0xb3, 0xff, 0xff, 0xc8,
    0xe0, 0xf, 0xfe, 0x1c, 0x7f, 0xff, 0xf2, 0x40,
    0x3f, 0xff, 0xe0, 0x1f, 0xff, 0xf0, 0xf, 0xff,
    0xf8, 0x7, 0xff, 0xfc, 0x3, 0xff, 0xfe, 0x1,
    0xff, 0xff, 0x0, 0xff, 0xff, 0x80, 0x7f, 0xff,
    0xc0, 0x3f, 0xff, 0xe0, 0x1f, 0xff, 0xf0, 0xf,
    0xff, 0xf8, 0x7, 0xff, 0xfc, 0x3, 0xff, 0xfe,
    0x1, 0xff, 0xff, 0x0, 0xff, 0xff, 0x80, 0x7f,
    0xff, 0xc0, 0x3f, 0xff, 0xe0, 0x1f, 0xff, 0xf0,
    0xf, 0xff, 0xf8, 0x7, 0xff, 0xfc, 0x3, 0xff,
    0xfe, 0x1, 0xff, 0xff, 0x0, 0xff, 0xff, 0x80,
    0x7f, 0xff, 0xc0, 0x3f, 0xff, 0xe0, 0x1f, 0xff,
    0xf0, 0xf, 0xff, 0xf8, 0x7, 0xff, 0xfc, 0x3,
    0xff, 0xfe, 0x1, 0xff, 0xff, 0x0, 0xff, 0xff,
    0x80, 0x7f, 0xff, 0xc0, 0x3f, 0xff, 0xe0, 0x1f,
    0xff, 0xf0, 0xf, 0xff, 0xf8, 0x7, 0xff, 0xfc,
    0x3, 0xff, 0xfe, 0x1, 0xff, 0xff, 0x0, 0xff,
    0xff, 0x80, 0x7f, 0xff, 0xc0, 0x3f, 0xff, 0xe0,
    0x1f, 0xff, 0xf0, 0xf, 0xfe, 0xc0,

    /* U+0055 "U" */
    0x9f, 0xff, 0xfe, 0x18, 0x7, 0xff, 0x44, 0x7f,
    0xff, 0xf8, 0x68, 0x1, 0xff, 0xff, 0x0, 0xff,
    0xff, 0x80, 0x7f, 0xff, 0xc0, 0x3f, 0xff, 0xe0,
    0x1f, 0xff, 0xf0, 0xf, 0xff, 0xf8, 0x7, 0xff,
    0xfc, 0x3, 0xff, 0xfe, 0x1, 0xff, 0xff, 0x0,
    0xff, 0xff, 0x80, 0x7f, 0xff, 0xc0, 0x3f, 0xff,
    0xe0, 0x1f, 0xff, 0xf0, 0xf, 0xff, 0xf8, 0x7,
    0xff, 0xfc, 0x3, 0xff, 0xfe, 0x1, 0xff, 0xff,
    0x0, 0xff, 0xff, 0x80, 0x7f, 0xff, 0xc0, 0x3f,
    0xff, 0xe0, 0x1f, 0xff, 0xf0, 0xf, 0xff, 0xf8,
    0x7, 0xff, 0xfc, 0x3, 0xff, 0xfe, 0x1, 0xff,
    0xff, 0x0, 0xff, 0xff, 0x80, 0x7f, 0xff, 0xc0,
    0x3f, 0xff, 0xe0, 0x1f, 0xff, 0xf0, 0xf, 0xff,
    0xf8, 0x7, 0xff, 0xfc, 0x3, 0xff, 0x84, 0x60,
    0x1f, 0xfc, 0x37, 0x0, 0xff, 0xf9, 0x8, 0x7,
    0xff, 0x80, 0x40, 0x3f, 0xf8, 0x63, 0xe0, 0x1f,
    0xfc, 0x32, 0x0, 0xff, 0xe8, 0x30, 0x7, 0xff,
    0x10, 0x40, 0x3f, 0xf8, 0x6c, 0x1, 0xff, 0xd0,
    0x20, 0xf, 0xfe, 0x19, 0x10, 0x3, 0xff, 0x86,
    0x40, 0x1f, 0xfd, 0xe, 0x0, 0xff, 0xe2, 0x30,
    0x7, 0xff, 0xf, 0xc0, 0x3f, 0xfa, 0xa, 0x1,
    0xff, 0xc2, 0x20, 0x20, 0xf, 0xfe, 0x1a, 0x0,
    0x7f, 0xf4, 0xc, 0x3, 0xff, 0x84, 0xe0, 0x2,
    0x0, 0xff, 0xe1, 0x11, 0x0, 0x3f, 0xf9, 0xca,
    0x1, 0xff, 0xc3, 0xd0, 0x3, 0x80, 0x7f, 0xf0,
    0xe8, 0x3, 0xff, 0x9d, 0xc0, 0x1f, 0xfc, 0x33,
    0x0, 0x60, 0x7, 0xff, 0xd, 0x80, 0x3f, 0xf9,
    0xa4, 0x80, 0x1f, 0xfc, 0x34, 0x0, 0x20, 0x7,
    0xff, 0xc, 0x60, 0x3, 0xff, 0x99, 0x0, 0x1f,
    0xfc, 0x33, 0x0, 0x88, 0x80, 0x1f, 0xfc, 0x37,
    0x30, 0xf, 0xfe, 0x52, 0xa8, 0x3, 0xff, 0x87,
    0x60, 0x1a, 0x80, 0x3f, 0xf8, 0x9a, 0x40, 0x1f,
    0xfc, 0x83, 0xa0, 0xf, 0xfe, 0x23, 0x0, 0x66,
    0x0, 0xff, 0xe2, 0xe, 0x18, 0x7, 0xff, 0x19,
    0x70, 0x3, 0xff, 0x88, 0x82, 0x1, 0x85, 0x40,
    0x3f, 0xf8, 0x83, 0x90, 0x1, 0xff, 0xc3, 0x19,
    0xa0, 0xf, 0xfe, 0x2f, 0x80, 0x7a, 0x40, 0x3f,
    0xf8, 0xcf, 0xd0, 0x40, 0x1f, 0xe3, 0x9e, 0x60,
    0xf, 0xfe, 0x29, 0x20, 0x7, 0x8d, 0x40, 0x3f,
    0xf8, 0xc2, 0xfb, 0xd7, 0xe, 0xcc, 0x79, 0xbe,
    0xc6, 0x0, 0xff, 0xe3, 0xc8, 0x7, 0xeb, 0x0,
    0xff, 0xe4, 0x8a, 0x3c, 0x4c, 0xa1, 0x90, 0x40,
    0x3f, 0xf9, 0x8, 0x80, 0xf, 0xc3, 0x20, 0x1f,
    0xfe, 0x6a, 0x0, 0xff, 0x32, 0x80, 0x7f, 0xf9,
    0x28, 0x40, 0x3f, 0xea, 0x20, 0xf, 0xff, 0x13,
    0xa8, 0x7, 0xff, 0x7, 0x8, 0x3, 0xff, 0xc0,
    0xd0, 0x1, 0xff, 0xc2, 0x1c, 0x20, 0xf, 0xfe,
    0xf3, 0x48, 0x7, 0xff, 0x10, 0x70, 0xc0, 0x3f,
    0xfb, 0x91, 0x20, 0x1f, 0xfc, 0x61, 0xc7, 0x0,
    0xff, 0xec, 0x8d, 0xb8, 0x7, 0xff, 0x26, 0x30,
    0x80, 0x3f, 0xfa, 0xcb, 0xe8, 0x1, 0xff, 0xcb,
    0x3d, 0x91, 0x0, 0xff, 0xe9, 0x26, 0x50, 0x80,
    0x7f, 0xf3, 0x9b, 0xa8, 0xc0, 0x3f, 0xf9, 0xcb,
    0x96, 0x60, 0x1f, 0xfd, 0x25, 0xcd, 0x84, 0x0,
    0xff, 0xe3, 0x8a, 0xd7, 0xd1, 0x80, 0x7f, 0xf5,
    0x89, 0xef, 0xf2, 0x59, 0xc, 0x40, 0x38, 0x48,
    0xd5, 0xeb, 0x7a, 0x94, 0x3, 0xff, 0x8e,

    /* U+0056 "V" */
    0xaf, 0xff, 0xfe, 0x21, 0x0, 0x7f, 0xf6, 0xc7,
    0xff, 0xff, 0x86, 0xb2, 0x1, 0xff, 0xc4, 0xb0,
    0xf, 0xfe, 0xdc, 0x80, 0x7f, 0xf0, 0x85, 0x4c,
    0xc0, 0x1f, 0xfc, 0x36, 0x0, 0xff, 0xed, 0xb0,
    0x7, 0xff, 0x9, 0x80, 0x12, 0x1, 0xff, 0xc4,
    0x60, 0xf, 0xfe, 0xcb, 0x8, 0x7, 0xff, 0xa,
    0x40, 0xa, 0x20, 0x1f, 0xfc, 0x3b, 0x0, 0xff,
    0xec, 0xd0, 0x7, 0xff, 0x9, 0x44, 0x2, 0x60,
    0xf, 0xfe, 0x19, 0x20, 0x7, 0xff, 0x5c, 0xcc,
    0x1, 0xff, 0xc2, 0x90, 0xd, 0x20, 0x1f, 0xfc,
    0x4e, 0x0, 0xff, 0xeb, 0xc8, 0x7, 0xff, 0x8,
    0xcc, 0x1, 0x85, 0x40, 0x3f, 0xf8, 0x6a, 0x20,
    0x1f, 0xfd, 0x51, 0x50, 0xf, 0xfe, 0x14, 0x80,
    0x7a, 0x40, 0x3f, 0xf8, 0x92, 0x1, 0xff, 0xd5,
    0x90, 0xf, 0xfe, 0x10, 0xa8, 0x7, 0x8c, 0xc0,
    0x1f, 0xfc, 0x36, 0x0, 0xff, 0xea, 0xb0, 0x7,
    0xff, 0x9, 0x80, 0x3f, 0x50, 0x7, 0xff, 0xc,
    0x54, 0x3, 0xff, 0xa6, 0xc2, 0x1, 0xff, 0xc2,
    0x90, 0xf, 0xcc, 0x20, 0x1f, 0xfc, 0x39, 0x0,
    0xff, 0xe9, 0xd0, 0x7, 0xff, 0x9, 0x44, 0x3,
    0xf9, 0x80, 0x3f, 0xf8, 0x66, 0x60, 0xf, 0xfe,
    0x89, 0x98, 0x3, 0xff, 0x85, 0x20, 0x1f, 0xe9,
    0x0, 0xff, 0xe2, 0x48, 0x7, 0xff, 0x46, 0x40,
    0x3f, 0xf8, 0x46, 0x60, 0xf, 0xf0, 0xa8, 0x7,
    0xff, 0xd, 0x44, 0x3, 0xff, 0x9e, 0x2a, 0x1,
    0xff, 0xc2, 0xa0, 0xf, 0xfe, 0x7, 0x0, 0x7f,
    0xf1, 0x18, 0x3, 0xff, 0x9f, 0x20, 0x1f, 0xfc,
    0x21, 0x60, 0xf, 0xfe, 0x2, 0x10, 0x7, 0xff,
    0xe, 0x40, 0x3f, 0xf9, 0xec, 0x1, 0xff, 0xc2,
    0x60, 0xf, 0xfe, 0x15, 0x80, 0x7f, 0xf0, 0xc5,
    0x40, 0x3f, 0xf9, 0xac, 0x20, 0x1f, 0xfc, 0x29,
    0x0, 0xff, 0xe1, 0x30, 0x80, 0x7f, 0xf0, 0xe4,
    0x3, 0xff, 0x9b, 0x40, 0x1f, 0xfc, 0x25, 0x10,
    0xf, 0xfe, 0x1b, 0x0, 0x7f, 0xf0, 0xcc, 0x80,
    0x3f, 0xf9, 0x66, 0x60, 0xf, 0xfe, 0x14, 0x80,
    0x7f, 0xf1, 0x28, 0x3, 0xff, 0x89, 0x60, 0x1f,
    0xfc, 0xb9, 0x0, 0xff, 0xe1, 0x19, 0x80, 0x3f,
    0xf8, 0x84, 0x80, 0x1f, 0xfc, 0x36, 0x10, 0xf,
    0xfe, 0x48, 0xa8, 0x7, 0xff, 0xa, 0x80, 0x3f,
    0xf8, 0xde, 0x1, 0xff, 0xc4, 0x60, 0xf, 0xfe,
    0x4c, 0x80, 0x7f, 0xf0, 0x85, 0x80, 0x3f, 0xf8,
    0xc8, 0x40, 0x1f, 0xfc, 0x3a, 0x0, 0xff, 0xe4,
    0xb0, 0x7, 0xff, 0x9, 0x80, 0x3f, 0xf9, 0x16,
    0x1, 0xff, 0xc3, 0x24, 0x0, 0xff, 0xe3, 0xb0,
    0x80, 0x7f, 0xf0, 0xa4, 0x3, 0xff, 0x90, 0xc0,
    0x1f, 0xfc, 0x4f, 0x0, 0xff, 0xe3, 0xd0, 0x7,
    0xff, 0x9, 0x44, 0x3, 0xff, 0x92, 0xc0, 0x1f,
    0xfc, 0x34, 0x20, 0xf, 0xfe, 0x29, 0x98, 0x3,
    0xff, 0x85, 0x20, 0x1f, 0xfc, 0xab, 0x0, 0xff,
    0xe2, 0x50, 0x7, 0xff, 0x16, 0x40, 0x3f, 0xf8,
    0x46, 0x60, 0xf, 0xfe, 0x51, 0x20, 0x7, 0xff,
    0xd, 0x80, 0x3f, 0xf8, 0x82, 0xa0, 0x1f, 0xfc,
    0x2a, 0x0, 0xff, 0xe6, 0x78, 0x7, 0xff, 0xc,
    0x58, 0x3, 0xff, 0x87, 0x20, 0x1f, 0xfc, 0x21,
    0x60, 0xf, 0xfe, 0x62, 0x10, 0x7, 0xff, 0xe,
    0xc0, 0x3f, 0xf8, 0x6c, 0x1, 0xff, 0xc2, 0x60,
    0xf, 0xfe, 0x75, 0x80, 0x7f, 0xf0, 0xc8, 0xc0,
    0x3f, 0xf8, 0x2c, 0x20, 0x1f, 0xfc, 0x29, 0x0,
    0xff, 0xe7, 0x30, 0x7, 0xff, 0x12, 0x40, 0x3f,
    0xf8, 0x36, 0x1, 0xff, 0xc2, 0x51, 0x0, 0xff,
    0xe7, 0xb0, 0x7, 0xff, 0xd, 0x44, 0x3, 0xfe,
    0x32, 0x0, 0xff, 0xe1, 0x48, 0x7, 0xff, 0x42,
    0xc0, 0x3f, 0xf8, 0x92, 0x1, 0xff, 0x48, 0x7,
    0xff, 0x8, 0x8c, 0x3, 0xff, 0xa0, 0x48, 0x1,
    0xff, 0xc3, 0x60, 0xf, 0xf0, 0xa8, 0x7, 0xff,
    0xa, 0xc0, 0x3f, 0xfa, 0x5e, 0x1, 0xff, 0xc3,
    0x15, 0x0, 0xfe, 0x90, 0xf, 0xfe, 0x10, 0xb0,
    0x7, 0xff, 0x49, 0x8, 0x3, 0xff, 0x87, 0x20,
    0x1f, 0xcc, 0x1, 0xff, 0xc2, 0x60, 0xf, 0xfe,
    0xa5, 0x0, 0x7f, 0xf0, 0xcc, 0xc0, 0x1f, 0x30,
    0x80, 0x7f, 0xf0, 0xa4, 0x3, 0xff, 0xa8, 0xc0,
    0x1f, 0xfc, 0x4a, 0x0, 0xfa, 0xc0, 0x3f, 0xf8,
    0x4a, 0x20, 0x1f, 0xfd, 0x41, 0x60, 0xf, 0xfe,
    0x1b, 0x8, 0x7, 0x19, 0x0, 0x7f, 0xf0, 0xb8,
    0x3, 0xff, 0xad, 0x60, 0x1f, 0xfc, 0x46, 0x0,
    0xe9, 0x0, 0xff, 0xe1, 0x12, 0x0, 0x7f, 0xf5,
    0x89, 0x0, 0x3f, 0xf8, 0x72, 0x1, 0x85, 0x40,
    0x3f, 0xf8, 0x56, 0x1, 0xff, 0xd8, 0xe0, 0xf,
    0xfe, 0x18, 0xa0, 0x5, 0x20, 0x1f, 0xfc, 0x21,
    0x60, 0xf, 0xfe, 0xc2, 0x88, 0x7, 0xff, 0xf,
    0xc0, 0x26, 0x0, 0xff, 0xe1, 0x30, 0x7, 0xff,
    0x6a, 0x40, 0x3f, 0xf8, 0x68, 0x40, 0xc2, 0x1,
    0xff, 0xc2, 0xa0, 0xf, 0xfe, 0xd3, 0x0, 0x7f,
    0xf1, 0x2c, 0x2c, 0x3, 0xff, 0x84, 0xa4, 0x1,
    0xff, 0xda, 0x16, 0x0, 0xff, 0xe1, 0xb2, 0x10,
    0x7, 0xff, 0xb, 0x80, 0x3f, 0xfb, 0x94, 0x1,
    0xff, 0xc4, 0xb0, 0xf, 0xfe, 0x11, 0x20, 0x7,
    0xff, 0x70, 0xcc, 0x1, 0xff, 0xd2, 0xb0, 0xf,
    0xfe, 0xf4, 0x80, 0x7f, 0xf4, 0x45, 0x80, 0x3f,
    0xfb, 0xca, 0x20, 0x1f, 0xfd, 0x6, 0x0, 0xff,
    0xf0, 0x48, 0x7, 0xff, 0x42, 0x80, 0x3f, 0xfc,
    0xc, 0x1, 0xff, 0xcf, 0x42, 0x0, 0xff, 0xf0,
    0xa, 0x80, 0x7f, 0xf3, 0xbc, 0x3, 0xff, 0xc5,
    0x20, 0x1f, 0xfc, 0xd2, 0x40, 0xf, 0xff, 0x11,
    0x98, 0x3, 0xff, 0x99, 0x60, 0x1f, 0xfe, 0x49,
    0x0, 0xff, 0xe5, 0x8b, 0x0, 0x7f, 0xf9, 0x14,
    0x40, 0x3f, 0xf9, 0x4c, 0x1, 0xff, 0xe6, 0x60,
    0xf, 0xfe, 0x55, 0x0, 0x7f, 0xf9, 0xa4, 0x3,
    0xff, 0x92, 0x84, 0x1, 0xff, 0xe6, 0x15, 0x0,
    0xff, 0xe4, 0x78, 0x7, 0xff, 0xa2, 0x40, 0x3f,
    0xf8, 0xe4, 0x80, 0x1f, 0xfe, 0x83, 0x30, 0x7,
    0xff, 0x1a, 0xc0, 0x3f, 0xfd, 0x52, 0x1, 0xff,
    0xc6, 0x60, 0xf, 0xff, 0x52, 0x88, 0x7, 0xff,
    0x11, 0xc0, 0x3f, 0xfd, 0x8c, 0x1, 0xff, 0xc4,
    0xa0, 0xf, 0xff, 0x64, 0x80, 0x7f, 0xf0, 0xd0,
    0x80, 0x3f, 0xfa, 0x0,

    /* U+0057 "W" */
    0xbf, 0xff, 0xfe, 0x1b, 0x0, 0x7f, 0xf4, 0xbb,
    0xff, 0xff, 0x83, 0x80, 0x1f, 0xfd, 0x28, 0xff,
    0xff, 0xe1, 0x2e, 0x80, 0x7f, 0xf0, 0xf4, 0x3,
    0xff, 0xa2, 0x82, 0x1, 0xff, 0xc1, 0x31, 0x0,
    0xff, 0xe8, 0xa8, 0x7, 0xff, 0x9, 0x1c, 0x3,
    0xff, 0x86, 0x80, 0x1f, 0xfd, 0x1d, 0x0, 0xff,
    0xe1, 0xb0, 0x7, 0xff, 0x40, 0x88, 0x1, 0xff,
    0xc1, 0x41, 0x11, 0x80, 0x7f, 0xf0, 0xd4, 0x3,
    0xff, 0xa0, 0xe0, 0x1f, 0xfc, 0x3b, 0x0, 0xff,
    0xe8, 0x28, 0x7, 0xff, 0xb, 0x40, 0x14, 0x1,
    0xff, 0xc3, 0xf0, 0xf, 0xfe, 0x7a, 0x8, 0x7,
    0xff, 0xc, 0xc4, 0x3, 0xff, 0x9f, 0x40, 0x1f,
    0xfc, 0x27, 0x0, 0x38, 0x7, 0xff, 0xd, 0x40,
    0x3f, 0xf9, 0xfa, 0x1, 0xff, 0xc5, 0x70, 0xf,
    0xfe, 0x71, 0x10, 0x3, 0xff, 0x82, 0x62, 0x0,
    0x13, 0x0, 0xff, 0xe1, 0xa0, 0x7, 0xff, 0x39,
    0xc0, 0x3f, 0xf8, 0xba, 0x1, 0xff, 0xce, 0x50,
    0xf, 0xfe, 0x15, 0x0, 0x6b, 0x0, 0xff, 0xe1,
    0xe8, 0x7, 0xff, 0x34, 0xc4, 0x3, 0xff, 0x8a,
    0x82, 0x1, 0xff, 0xcd, 0xb0, 0xf, 0xfe, 0x13,
    0x80, 0x65, 0x0, 0xff, 0xe1, 0xb8, 0x7, 0xff,
    0x36, 0x80, 0x3f, 0xf8, 0xe8, 0x1, 0xff, 0xcc,
    0x13, 0x0, 0xff, 0xe0, 0x98, 0x80, 0x62, 0x20,
    0x7, 0xff, 0x8, 0x50, 0x3, 0xff, 0x98, 0xe0,
    0x1f, 0xfc, 0x7f, 0x0, 0xff, 0xe6, 0x30, 0x7,
    0xff, 0xa, 0xc0, 0x3d, 0x40, 0x1f, 0xfc, 0x3d,
    0x0, 0xff, 0xe5, 0x98, 0x80, 0x7f, 0xf1, 0xd4,
    0x3, 0xff, 0x99, 0x60, 0x1f, 0xfc, 0x25, 0x0,
    0xf2, 0x80, 0x7f, 0xf0, 0xdc, 0x3, 0xff, 0x97,
    0x40, 0x1f, 0xfc, 0x95, 0x0, 0xff, 0xe5, 0x9,
    0x80, 0x7f, 0xf0, 0x48, 0x80, 0x1e, 0x22, 0x0,
    0x7f, 0xf0, 0x84, 0xc0, 0x3f, 0xf9, 0x4e, 0x1,
    0xff, 0xc9, 0xf0, 0xf, 0xfe, 0x53, 0x80, 0x7f,
    0xf0, 0xa8, 0x3, 0xf2, 0x80, 0x7f, 0xf0, 0xec,
    0x3, 0xff, 0x92, 0x62, 0x1, 0xff, 0xc9, 0x50,
    0xf, 0xfe, 0x55, 0x0, 0x7f, 0xf0, 0x94, 0x3,
    0xf5, 0x80, 0x7f, 0xf0, 0xd4, 0x3, 0xff, 0x93,
    0x40, 0x1f, 0xfc, 0xb4, 0x0, 0xff, 0xe4, 0x9,
    0x80, 0x7f, 0xf0, 0x48, 0x80, 0x1f, 0x8c, 0x40,
    0x3f, 0xf8, 0x44, 0x40, 0xf, 0xfe, 0x43, 0x80,
    0x7f, 0xf2, 0xf4, 0x3, 0xff, 0x90, 0xe0, 0x1f,
    0xfc, 0x25, 0x0, 0xff, 0x30, 0x7, 0xff, 0xd,
    0x40, 0x3f, 0xf8, 0xe6, 0x20, 0x1f, 0xfc, 0xb7,
    0x0, 0xff, 0xe4, 0x68, 0x7, 0xff, 0xa, 0xc0,
    0x3f, 0xd6, 0x1, 0xff, 0xc3, 0xb0, 0xf, 0xfe,
    0x3d, 0x0, 0x7f, 0xf3, 0x4, 0xc0, 0x3f, 0xf8,
    0xc2, 0x80, 0x1f, 0xfc, 0x12, 0x30, 0xf, 0xf1,
    0x88, 0x7, 0xff, 0x8, 0xc8, 0x3, 0xff, 0x8c,
    0xe0, 0x1f, 0xfc, 0xda, 0x0, 0xff, 0xe3, 0x38,
    0x7, 0xff, 0x9, 0x40, 0x3f, 0xf8, 0xe, 0x1,
    0xff, 0xc3, 0x50, 0xf, 0xfe, 0x29, 0x88, 0x7,
    0xff, 0x35, 0xc0, 0x3f, 0xf8, 0xda, 0x1, 0xff,
    0xc2, 0xb0, 0xf, 0xfe, 0x6, 0x80, 0x7f, 0xf0,
    0xec, 0x3, 0xff, 0x8b, 0x40, 0x1f, 0xfc, 0xe1,
    0x30, 0xf, 0xfe, 0x2a, 0x0, 0x7f, 0xf0, 0x44,
    0xc0, 0x3f, 0xf8, 0x8, 0x20, 0x1f, 0xfc, 0x23,
    0x10, 0xf, 0xfe, 0x23, 0x80, 0x7f, 0xf3, 0xec,
    0x3, 0xff, 0x88, 0xa0, 0x1f, 0xfc, 0x27, 0x0,
    0xff, 0xe1, 0x38, 0x7, 0xff, 0xd, 0xc0, 0x3f,
    0xf8, 0x66, 0x20, 0x1f, 0xfc, 0x3, 0x40, 0xf,
    0xfe, 0xa, 0x80, 0x7f, 0xf1, 0x3c, 0x3, 0xff,
    0x85, 0xa0, 0x1f, 0xfc, 0x2d, 0x0, 0xff, 0xe1,
    0xe8, 0x7, 0xff, 0xe, 0x80, 0x3f, 0xf8, 0x37,
    0xa0, 0x1f, 0xfc, 0x12, 0x20, 0x7, 0xff, 0xd,
    0x40, 0x3f, 0xf8, 0x22, 0x80, 0x1f, 0xfc, 0x24,
    0x0, 0xff, 0xe1, 0xa0, 0x80, 0x7f, 0xf0, 0x9c,
    0x3, 0xff, 0x82, 0xae, 0x1, 0xff, 0xc2, 0x50,
    0xf, 0xfe, 0x12, 0x80, 0x7f, 0xf0, 0x9c, 0x3,
    0xff, 0x88, 0xa0, 0x1f, 0xfc, 0x34, 0x0, 0xff,
    0xe0, 0x98, 0x80, 0x7f, 0xf0, 0xc, 0x84, 0xc0,
    0x3f, 0xf8, 0x36, 0x1, 0xff, 0xc2, 0xf0, 0xf,
    0xfe, 0x16, 0x80, 0x7f, 0xf1, 0x3c, 0x3, 0xff,
    0x87, 0xe0, 0x1f, 0xfc, 0x1a, 0x0, 0xff, 0xe0,
    0xd8, 0x2, 0xc0, 0x3f, 0xf8, 0x26, 0x20, 0x1f,
    0xfc, 0x15, 0x0, 0xff, 0xe1, 0x20, 0x7, 0xff,
    0x11, 0x40, 0x3f, 0xf8, 0x6a, 0x1, 0xff, 0xc1,
    0x70, 0xf, 0xfe, 0xa, 0x80, 0x14, 0x3, 0xff,
    0x84, 0xc0, 0x1f, 0xfc, 0x5, 0x0, 0xff, 0xe1,
    0x28, 0x7, 0xff, 0x19, 0x40, 0x3f, 0xf8, 0x68,
    0x1, 0xff, 0x18, 0x80, 0x7f, 0xf0, 0x8, 0x80,
    0x2, 0x20, 0x7, 0xff, 0x6, 0xc0, 0x3f, 0xf8,
    0x1e, 0x1, 0xff, 0xc2, 0xf0, 0xf, 0xfe, 0x37,
    0x80, 0x7f, 0xf0, 0xf8, 0x3, 0xfe, 0xa0, 0xf,
    0xfe, 0xd, 0x0, 0x6a, 0x0, 0xff, 0xe0, 0x98,
    0x80, 0x7f, 0xca, 0x1, 0xff, 0xc2, 0x50, 0xf,
    0xfe, 0x32, 0x80, 0x7f, 0xf0, 0xd0, 0x3, 0xfe,
    0x70, 0xf, 0xfe, 0xa, 0x80, 0x65, 0x0, 0xff,
    0xe1, 0x38, 0x7, 0xf9, 0x0, 0x3f, 0xf8, 0x4a,
    0x1, 0xff, 0xc8, 0x40, 0xf, 0xfe, 0x10, 0xa0,
    0x7, 0xf1, 0x88, 0x7, 0xff, 0x0, 0x88, 0x1,
    0x88, 0x80, 0x1f, 0xfc, 0x1d, 0x0, 0xff, 0x68,
    0x7, 0xff, 0xb, 0xc0, 0x3f, 0xf9, 0x1a, 0x1,
    0xff, 0xc3, 0xd0, 0xf, 0xea, 0x0, 0xff, 0xe0,
    0xd0, 0x7, 0x94, 0x3, 0xff, 0x82, 0x82, 0x1,
    0xfc, 0xe0, 0x1f, 0xfc, 0x25, 0x0, 0xff, 0xe4,
    0x38, 0x7, 0xff, 0xd, 0xc0, 0x3f, 0x9c, 0x3,
    0xff, 0x82, 0xa0, 0x1e, 0xb0, 0xf, 0xfe, 0x12,
    0x0, 0x7e, 0x41, 0x0, 0xff, 0xe0, 0xa0, 0x7,
    0xff, 0x24, 0x50, 0x3, 0xff, 0x84, 0x26, 0x1,
    0xf1, 0x88, 0x7, 0xff, 0x0, 0x88, 0x1, 0xe3,
    0x10, 0xf, 0xfe, 0xf, 0x80, 0x7e, 0xd0, 0xf,
    0xfe, 0x16, 0x80, 0x7f, 0xf2, 0xb4, 0x3, 0xff,
    0x87, 0x60, 0x1f, 0x50, 0x7, 0xff, 0x5, 0x40,
    0x3f, 0x38, 0x7, 0xff, 0x5, 0x40, 0x3f, 0x38,
    0x7, 0xff, 0x9, 0xc0, 0x3f, 0xf9, 0x4e, 0x1,
    0xff, 0xc3, 0x50, 0xf, 0x9c, 0x3, 0xff, 0x83,
    0x40, 0x1f, 0xb4, 0x3, 0xff, 0x84, 0xa0, 0x1e,
    0x41, 0x0, 0xff, 0xe0, 0xa0, 0x80, 0x7f, 0xf2,
    0x84, 0xc0, 0x3f, 0xf8, 0x44, 0x40, 0xe, 0x31,
    0x0, 0xff, 0xe0, 0x11, 0x0, 0x3f, 0x20, 0x80,
    0x7f, 0xf0, 0x7c, 0x3, 0xda, 0x1, 0xff, 0xc2,
    0xd0, 0xf, 0xfe, 0x65, 0x80, 0x7f, 0xf0, 0xd4,
    0x3, 0xa8, 0x3, 0xff, 0x82, 0xa0, 0x1f, 0xe7,
    0x0, 0xff, 0xe0, 0xa8, 0x7, 0x9c, 0x3, 0xff,
    0x84, 0xe0, 0x1f, 0xfc, 0xc6, 0x0, 0xff, 0xe1,
    0xd0, 0x7, 0x38, 0x7, 0xff, 0x6, 0xc0, 0x3f,
    0xda, 0x1, 0xff, 0xc2, 0x40, 0xc, 0x62, 0x1,
    0xff, 0xc1, 0x31, 0x0, 0xff, 0xe6, 0x9, 0x80,
    0x7f, 0xf0, 0x88, 0x80, 0x11, 0x88, 0x7, 0xff,
    0x0, 0x8c, 0x3, 0xfc, 0x80, 0x1f, 0xfc, 0x2d,
    0x0, 0xd6, 0x1, 0xff, 0xc2, 0xa0, 0xf, 0xfe,
    0x75, 0x80, 0x7f, 0xf0, 0xd4, 0x2, 0xa0, 0xf,
    0xfe, 0xa, 0x80, 0x7f, 0xf0, 0x14, 0x3, 0xff,
    0x82, 0xe0, 0x19, 0x80, 0x3f, 0xf8, 0x4e, 0x1,
    0xff, 0xce, 0x50, 0xf, 0xfe, 0x1d, 0x80, 0x4e,
    0x1, 0xff, 0xc1, 0xb0, 0xf, 0xfe, 0x7, 0x80,
    0x7f, 0xf0, 0x44, 0xc0, 0x6, 0x20, 0x1f, 0xfc,
    0x13, 0x10, 0xf, 0xfe, 0x71, 0x10, 0x3, 0xff,
    0x84, 0x62, 0x6, 0x20, 0x1f, 0xfc, 0x2, 0x30,
    0xf, 0xfe, 0x2, 0x80, 0x7f, 0xf0, 0xa8, 0x1,
    0x60, 0x1f, 0xfc, 0x2b, 0x0, 0xff, 0xe8, 0x28,
    0x7, 0xff, 0xd, 0xc2, 0x80, 0x3f, 0xf8, 0x2a,
    0x1, 0xff, 0xc2, 0x50, 0xf, 0xfe, 0xb, 0x80,
    0x14, 0x3, 0xff, 0x84, 0xa0, 0x1f, 0xfd, 0xa,
    0x0, 0xff, 0xe1, 0xe8, 0x38, 0x7, 0xff, 0x6,
    0xc0, 0x3f, 0xf8, 0x5e, 0x1, 0xff, 0xc1, 0x13,
    0x31, 0x0, 0x7f, 0xf0, 0x48, 0x80, 0x1f, 0xfd,
    0x2, 0x20, 0x7, 0xff, 0x9, 0x10, 0x20, 0x1f,
    0xfc, 0x1, 0x30, 0xf, 0xfe, 0x12, 0x0, 0x7f,
    0xf0, 0xae, 0xc0, 0x1f, 0xfc, 0x2a, 0x0, 0xff,
    0xe9, 0x28, 0x7, 0xff, 0xe, 0x80, 0x3f, 0xf8,
    0x2c, 0x1, 0xff, 0xc3, 0x14, 0x0, 0xff, 0xe0,
    0xaa, 0x80, 0x3f, 0xf8, 0x4a, 0x1, 0xff, 0xd2,
    0xb0, 0xf, 0xfe, 0x18, 0x80, 0x7f, 0xf0, 0x6c,
    0x3, 0xff, 0x89, 0xa0, 0x1f, 0xfc, 0x12, 0x20,
    0x7, 0xff, 0x4, 0x88, 0x1, 0xff, 0xd2, 0x31,
    0x0, 0xff, 0xe7, 0x89, 0x80, 0x7f, 0xf1, 0x1c,
    0x3, 0xff, 0xa0, 0xa0, 0x1f, 0xfd, 0x47, 0x0,
    0xff, 0xe7, 0xb8, 0x7, 0xff, 0x14, 0x4c, 0x3,
    0xff, 0x9f, 0x60, 0x1f, 0xfd, 0x4a, 0x0, 0xff,
    0xe7, 0xd0, 0x7, 0xff, 0x1a, 0xc0, 0x3f, 0xf9,
    0xc2, 0x60, 0x1f, 0xfd, 0x43, 0x10, 0xf, 0xfe,
    0x68, 0x98, 0x7, 0xff, 0x19, 0x40, 0x3f, 0xf9,
    0xcc, 0x1, 0xff, 0xd6, 0x70, 0xf, 0xfe, 0x6b,
    0x80, 0x7f, 0xf1, 0xc8, 0xc0, 0x3f, 0xf9, 0xb6,
    0x1, 0xff, 0xd6, 0xd0, 0xf, 0xfe, 0x6d, 0x0,
    0x7f, 0xf2, 0x2c, 0x3, 0xff, 0x98, 0x26, 0x1,
    0xff, 0xd6, 0x41, 0x0, 0xff, 0xe5, 0x89, 0x80,
    0x7f, 0xf2, 0x14, 0x3, 0xff, 0x98, 0xe0, 0x1f,
    0xfd, 0x84, 0x0, 0xff, 0xe5, 0xb8, 0x7, 0xff,
    0x24, 0x88, 0x1, 0xff, 0xcb, 0xd0, 0xf, 0xfe,
    0xc7, 0x0, 0x7f, 0xf2, 0xf4, 0x3, 0xff, 0x94,
    0xa0, 0x1f, 0xfc, 0xa1, 0x40, 0xf, 0xfe, 0xc2,
    0x0, 0x7f, 0xf2, 0x85, 0x0, 0x3f, 0xf9, 0x56,
    0x1, 0xff, 0xca, 0x70, 0xf, 0xfe, 0xd2, 0x80,
    0x7f, 0xf2, 0x5c, 0x3, 0xff, 0x96, 0x62, 0x1,
    0xff, 0xc9, 0xd0, 0xf, 0xfe, 0xd7, 0x80, 0x7f,
    0xf2, 0x74, 0x3, 0xff, 0x98, 0xc0, 0x1f, 0xfc,
    0x94, 0x0, 0xff, 0xed, 0x28, 0x7, 0xff, 0x20,
    0x50, 0x3, 0xff, 0x99, 0x60, 0x1f, 0xfc, 0x85,
    0x0, 0xff, 0xee, 0x28, 0x7, 0xff, 0x1d, 0xc0,
    0x3f, 0xf9, 0xa6, 0x20, 0x1f, 0xfc, 0x7f, 0x0,
    0xff, 0xee, 0x78, 0x7, 0xff, 0x1f, 0x40, 0x3f,
    0xf9, 0xce, 0x1, 0xff, 0xc7, 0x50, 0xf, 0xfe,
    0xe2, 0x0, 0x7f, 0xf1, 0x85, 0x0, 0x3f, 0xf9,
    0xda, 0x1, 0xff, 0xc6, 0x50, 0xf, 0xfe, 0xe8,
    0xa0, 0x7, 0xff, 0x15, 0xc0, 0x3f, 0xf9, 0xe8,
    0x1, 0xff, 0xc6, 0xf0, 0xf, 0xfe, 0xf6, 0x80,
    0x7f, 0xf1, 0x74, 0x3, 0xff, 0xa0, 0xa0, 0x1f,
    0xfc, 0x55, 0x0, 0xff, 0xef, 0x38, 0x7, 0xff,
    0x15, 0x0, 0x3f, 0xfa, 0x1e, 0x1, 0xff, 0xc4,
    0x40, 0xf, 0xfe, 0x50,

    /* U+0058 "X" */
    0x2, 0xef, 0xff, 0xfe, 0x23, 0x80, 0x7f, 0xf4,
    0x63, 0xff, 0xff, 0x88, 0x80, 0x11, 0x48, 0x7,
    0xff, 0x12, 0xc, 0x3, 0xff, 0x9e, 0x8e, 0x1,
    0xff, 0xc3, 0x64, 0x0, 0xce, 0x80, 0x1f, 0xfc,
    0x4e, 0x0, 0xff, 0xe7, 0xd0, 0x7, 0xff, 0xc,
    0xa4, 0x3, 0xd4, 0x20, 0x1f, 0xfc, 0x32, 0x90,
    0xf, 0xfe, 0x6d, 0x8, 0x7, 0xff, 0xf, 0x80,
    0x3e, 0x1b, 0x0, 0xff, 0xe2, 0x32, 0x0, 0x7f,
    0xf2, 0xd5, 0x40, 0x1f, 0xfc, 0x38, 0x30, 0xf,
    0xca, 0xc0, 0x1f, 0xfc, 0x4a, 0x10, 0xf, 0xfe,
    0x48, 0xd8, 0x7, 0xff, 0xd, 0x1c, 0x3, 0xfd,
    0x24, 0x1, 0xff, 0xc3, 0x1a, 0x0, 0xff, 0xe4,
    0xd0, 0x80, 0x7f, 0xf0, 0x86, 0x80, 0x3f, 0xf8,
    0x1c, 0x1, 0xff, 0xc4, 0x46, 0x0, 0xff, 0xe3,
    0xb2, 0x0, 0x7f, 0xf0, 0xec, 0x40, 0x3f, 0xf8,
    0x6, 0xe0, 0x1f, 0xfc, 0x49, 0x20, 0xf, 0xfe,
    0x29, 0x48, 0x7, 0xff, 0xd, 0x94, 0x3, 0xff,
    0x85, 0x6, 0x1, 0xff, 0xc4, 0xe0, 0xf, 0xfe,
    0x2f, 0x0, 0x7f, 0xf0, 0xca, 0x40, 0x3f, 0xf8,
    0x9c, 0x1, 0xff, 0xc4, 0x37, 0x0, 0xff, 0xe1,
    0xb9, 0x80, 0x7f, 0xf0, 0xf8, 0x3, 0xff, 0x8a,
    0x52, 0x1, 0xff, 0xc4, 0x83, 0x0, 0xff, 0xe0,
    0x94, 0x0, 0x7f, 0xf0, 0xe0, 0xc0, 0x3f, 0xf8,
    0xcc, 0xa0, 0x1f, 0xfc, 0x4e, 0x0, 0xff, 0xe0,
    0xf0, 0x7, 0xff, 0xd, 0x1c, 0x3, 0xff, 0x91,
    0x62, 0x1, 0xff, 0xc3, 0x29, 0x0, 0xff, 0xa0,
    0xc0, 0x3f, 0xf8, 0x43, 0x40, 0x1f, 0xfc, 0x91,
    0xa0, 0xf, 0xfe, 0x23, 0x20, 0x7, 0xf1, 0xb8,
    0x7, 0xff, 0xe, 0x84, 0x3, 0xff, 0x94, 0x8e,
    0x1, 0xff, 0xc4, 0xa1, 0x0, 0xfd, 0xc0, 0x1f,
    0xfc, 0x36, 0x40, 0xf, 0xfe, 0x64, 0x10, 0x7,
    0xff, 0xc, 0x6c, 0x3, 0xe9, 0x20, 0xf, 0xfe,
    0x11, 0x48, 0x7, 0xff, 0x3b, 0xc0, 0x3f, 0xf8,
    0x8a, 0xa0, 0xe, 0x46, 0x0, 0xff, 0xe1, 0xf0,
    0x7, 0xff, 0x3c, 0xa4, 0x3, 0xff, 0x89, 0x44,
    0x1, 0xd, 0x0, 0x7f, 0xf0, 0xe0, 0xc0, 0x3f,
    0xfa, 0xc, 0x80, 0x1f, 0xfc, 0x4e, 0x0, 0xac,
    0x40, 0x3f, 0xf8, 0x48, 0xe0, 0x1f, 0xfd, 0x2a,
    0x10, 0xf, 0xfe, 0x19, 0xb8, 0x2a, 0x80, 0x3f,
    0xf8, 0x43, 0x40, 0x1f, 0xfd, 0x31, 0xb0, 0xf,
    0xfe, 0x24, 0x25, 0x80, 0x7f, 0xf0, 0xe8, 0x40,
    0x3f, 0xfa, 0x8a, 0xc0, 0x1f, 0xfc, 0x4b, 0x10,
    0xf, 0xfe, 0x13, 0x20, 0x7, 0xff, 0x5a, 0x48,
    0x3, 0xff, 0xa4, 0x52, 0x1, 0xff, 0xd8, 0xe0,
    0xf, 0xfe, 0x97, 0x0, 0x7f, 0xf6, 0x4e, 0x0,
    0x3f, 0xfa, 0x10, 0x60, 0x1f, 0xfd, 0xa7, 0x30,
    0xf, 0xfe, 0x72, 0x38, 0x7, 0xff, 0x73, 0x80,
    0x3f, 0xf9, 0xa3, 0x40, 0x1f, 0xfd, 0xd2, 0xa0,
    0xf, 0xfe, 0x65, 0x8, 0x7, 0xff, 0x79, 0x54,
    0x1, 0xff, 0xca, 0x64, 0x0, 0xff, 0xf0, 0x58,
    0x80, 0x7f, 0xf2, 0xa, 0x40, 0x3f, 0xfc, 0x23,
    0x40, 0x1f, 0xfc, 0x8e, 0x0, 0xff, 0xf1, 0xa3,
    0x80, 0x7f, 0xf1, 0xa0, 0xc0, 0x3f, 0xfc, 0x92,
    0x1, 0xff, 0xc6, 0xd0, 0xf, 0xff, 0x2d, 0x80,
    0x7f, 0xf1, 0x95, 0x40, 0x1f, 0xfe, 0x36, 0x50,
    0xf, 0xfe, 0x3d, 0x10, 0x7, 0xff, 0x84, 0xa4,
    0x3, 0xff, 0x93, 0xc0, 0x1f, 0xfe, 0x1e, 0x0,
    0xff, 0xe5, 0x1b, 0x80, 0x7f, 0xf7, 0xe0, 0xc0,
    0x3f, 0xf9, 0x70, 0x60, 0x1f, 0xfd, 0xd4, 0x70,
    0xf, 0xfe, 0x6f, 0x0, 0x7f, 0xf7, 0x6, 0x80,
    0x3f, 0xf9, 0xc5, 0x40, 0x1f, 0xfd, 0xba, 0x10,
    0xf, 0xfe, 0x7a, 0xa8, 0x3, 0xff, 0xb2, 0xc8,
    0x1, 0xff, 0xd1, 0xa2, 0x0, 0xff, 0xeb, 0x94,
    0x80, 0x7f, 0xf4, 0xf8, 0x3, 0xff, 0xaf, 0xe0,
    0x1f, 0xfc, 0x31, 0x20, 0xf, 0xfe, 0x19, 0xb8,
    0x7, 0xff, 0x56, 0x48, 0x3, 0xff, 0x87, 0x7e,
    0x1, 0xff, 0xc4, 0x83, 0x0, 0xff, 0xe9, 0xa3,
    0x0, 0x7f, 0xf0, 0xd5, 0x45, 0x0, 0x1f, 0xfc,
    0x4e, 0x0, 0xff, 0xe9, 0xd, 0x0, 0x7f, 0xf0,
    0xc6, 0xc0, 0xe, 0x60, 0x1f, 0xfc, 0x32, 0xa0,
    0xf, 0xfe, 0x8d, 0x8, 0x7, 0xff, 0xe, 0xc4,
    0x2, 0xe0, 0xf, 0xfe, 0x22, 0xa8, 0x3, 0xff,
    0x9e, 0xe8, 0x1, 0xff, 0xc3, 0x55, 0x0, 0x62,
    0x90, 0xf, 0xfe, 0x25, 0x88, 0x7, 0xff, 0x34,
    0xe0, 0x3, 0xff, 0x86, 0x36, 0x1, 0xe6, 0x40,
    0xf, 0xfe, 0x18, 0xe8, 0x7, 0xff, 0x37, 0x80,
    0x3f, 0xf8, 0x94, 0x20, 0x1f, 0x50, 0x80, 0x7f,
    0xf0, 0xcd, 0xc0, 0x3f, 0xf9, 0x72, 0x40, 0x1f,
    0xfc, 0x36, 0x40, 0xf, 0xc3, 0x60, 0x1f, 0xfc,
    0x48, 0x30, 0xf, 0xfe, 0x4a, 0xb0, 0x7, 0xff,
    0xc, 0x64, 0x3, 0xfc, 0xaa, 0x0, 0xff, 0xe2,
    0x70, 0x7, 0xff, 0x20, 0x6c, 0x3, 0xff, 0x89,
    0x40, 0x1f, 0xfc, 0xb, 0x10, 0xf, 0xfe, 0x19,
    0x48, 0x7, 0xff, 0x1e, 0x84, 0x3, 0xff, 0x86,
    0xc8, 0x1, 0xff, 0xc0, 0x1a, 0x0, 0xff, 0xe2,
    0x32, 0x80, 0x7f, 0xf1, 0x5d, 0x0, 0x3f, 0xf8,
    0x65, 0x20, 0x1f, 0xfc, 0x24, 0x60, 0xf, 0xfe,
    0x25, 0x88, 0x7, 0xff, 0xc, 0xe0, 0x3, 0xff,
    0x89, 0xc0, 0x1f, 0xfc, 0x49, 0x20, 0xf, 0xfe,
    0x18, 0xd0, 0x7, 0xff, 0xf, 0x80, 0x3f, 0xf8,
    0x8c, 0x60, 0x1f, 0xfc, 0x5e, 0x0, 0xff, 0xe2,
    0x23, 0x80, 0x7f, 0xf0, 0x64, 0x80, 0x3f, 0xf8,
    0x65, 0x20, 0x1f, 0xfc, 0x63, 0x70, 0xf, 0xfe,
    0x24, 0x18, 0x7, 0xfc, 0xac, 0x1, 0xff, 0xc4,
    0xe0, 0xf, 0xfe, 0x44, 0x10, 0x7, 0xff, 0x13,
    0x80, 0x3f, 0xc3, 0x60, 0x1f, 0xfc, 0x47, 0x30,
    0xf, 0xfe, 0x4f, 0x80, 0x7f, 0xf1, 0xa, 0x40,
    0x3f, 0xb4, 0x40, 0x3f, 0xf8, 0x65, 0x0, 0x1f,
    0xfc, 0xa2, 0x80, 0xf, 0xfe, 0x23, 0x28, 0x7,
    0xce, 0x60, 0x1f, 0xfc, 0x4e, 0x0, 0xff, 0xe6,
    0x39, 0x80, 0x7f, 0xf1, 0x2c, 0x40, 0x38, 0xe0,
    0x3, 0xff, 0x88, 0xe6, 0x1, 0xff, 0xcd, 0xe0,
    0xf, 0xfe, 0x20, 0xd0, 0x7, 0x70, 0x7, 0xff,
    0x10, 0xa0, 0x3, 0xff, 0x9c, 0x52, 0x1, 0xff,
    0xc4, 0x47, 0x0, 0xa8, 0x80, 0x3f, 0xf8, 0x9e,
    0x1, 0xff, 0xd0, 0x64, 0x0, 0xff, 0xe2, 0x41,
    0x82, 0xa8, 0x3, 0xff, 0x89, 0x4, 0x1, 0xff,
    0xd1, 0xa0, 0xf, 0xfe, 0x2f, 0x0,

    /* U+0059 "Y" */
    0x1f, 0xff, 0xfe, 0x23, 0x80, 0x7f, 0xf5, 0x8f,
    0xff, 0xff, 0x86, 0x22, 0x80, 0xf, 0xfe, 0x1c,
    0x8, 0x7, 0xff, 0x57, 0xc0, 0x3f, 0xf8, 0x50,
    0x20, 0xe4, 0x1, 0xff, 0xc3, 0xb0, 0xf, 0xfe,
    0xa3, 0x18, 0x7, 0xff, 0x4, 0x9c, 0x2, 0x90,
    0xf, 0xfe, 0x1a, 0xa0, 0x7, 0xff, 0x48, 0x60,
    0x3, 0xff, 0x85, 0x20, 0x19, 0x14, 0x3, 0xff,
    0x87, 0x20, 0x1f, 0xfd, 0x28, 0x10, 0xf, 0xfe,
    0xa, 0xa0, 0x7, 0x58, 0x7, 0xff, 0xc, 0x9c,
    0x3, 0xff, 0xa0, 0x6c, 0x1, 0xff, 0xc2, 0xb0,
    0xf, 0xc, 0x0, 0x7f, 0xf0, 0xe0, 0x40, 0x3f,
    0xf9, 0xfe, 0x1, 0xff, 0xc2, 0x81, 0x0, 0xf9,
    0xc8, 0x3, 0xff, 0x87, 0x60, 0x1f, 0xfc, 0xe6,
    0x30, 0xf, 0xfe, 0x9, 0x38, 0x7, 0xf4, 0x80,
    0x7f, 0xf0, 0xd4, 0xc0, 0x3f, 0xf9, 0x83, 0x0,
    0x1f, 0xfc, 0x29, 0x0, 0xff, 0x22, 0x80, 0x7f,
    0xf0, 0xf8, 0x3, 0xff, 0x99, 0x2, 0x1, 0xff,
    0xc1, 0x54, 0x0, 0xff, 0xa0, 0x3, 0xff, 0x86,
    0x4c, 0x1, 0xff, 0xca, 0x36, 0x0, 0xff, 0xe1,
    0x40, 0x7, 0xff, 0x0, 0xa0, 0x3, 0xff, 0x87,
    0x22, 0x1, 0xff, 0xc9, 0xf0, 0xf, 0xfe, 0x14,
    0x10, 0x7, 0xff, 0x5, 0xc8, 0x3, 0xff, 0x87,
    0x60, 0x1f, 0xfc, 0x86, 0x30, 0xf, 0xfe, 0x9,
    0x38, 0x7, 0xff, 0xe, 0x40, 0x3f, 0xf8, 0x6a,
    0x60, 0x1f, 0xfc, 0x61, 0x80, 0xf, 0xfe, 0x14,
    0x80, 0x7f, 0xf1, 0x11, 0x0, 0x1f, 0xfc, 0x3f,
    0x0, 0xff, 0xe3, 0x40, 0x80, 0x7f, 0xf0, 0x51,
    0x0, 0x1f, 0xfc, 0x59, 0x0, 0xff, 0xe1, 0x9b,
    0x0, 0x7f, 0xf1, 0xd, 0x80, 0x3f, 0xf8, 0x52,
    0x1, 0xff, 0xc6, 0x27, 0x0, 0xff, 0xe1, 0xc0,
    0x80, 0x7f, 0xf0, 0xfc, 0x3, 0xff, 0x84, 0xe4,
    0x1, 0xff, 0xc7, 0x81, 0x0, 0xff, 0xe1, 0xc,
    0x0, 0x7f, 0xf0, 0x98, 0xc0, 0x3f, 0xf8, 0x23,
    0x0, 0x1f, 0xfc, 0x9b, 0x0, 0xff, 0xe1, 0xb1,
    0x80, 0x7f, 0xf0, 0x6, 0x0, 0x3f, 0xf8, 0x56,
    0x1, 0xff, 0xca, 0x54, 0x0, 0xff, 0xe1, 0xf8,
    0x7, 0xff, 0x2, 0x4, 0x3, 0xff, 0x82, 0x8a,
    0x1, 0xff, 0xcb, 0x90, 0xf, 0xfe, 0x19, 0xb0,
    0x7, 0xf8, 0xd8, 0x3, 0xff, 0x85, 0x20, 0x1f,
    0xfc, 0xc2, 0x70, 0xf, 0xfe, 0x1c, 0x8, 0x7,
    0xf7, 0x80, 0x7f, 0xf0, 0x9c, 0x80, 0x3f, 0xf9,
    0xb0, 0x20, 0x1f, 0xfc, 0x21, 0x80, 0xf, 0xcc,
    0x60, 0x1f, 0xfc, 0x11, 0x80, 0xf, 0xfe, 0x7d,
    0x80, 0x7f, 0xf0, 0xd8, 0xc0, 0x3c, 0x30, 0x1,
    0xff, 0xc2, 0xb0, 0xf, 0xfe, 0x82, 0xa0, 0x7,
    0xff, 0xf, 0xc0, 0x3d, 0x2, 0x1, 0xff, 0xc1,
    0x45, 0x0, 0xff, 0xe8, 0xc8, 0x7, 0xff, 0xc,
    0xd8, 0x3, 0x1b, 0x0, 0x7f, 0xf0, 0xa4, 0x3,
    0xff, 0xa4, 0x4e, 0x1, 0xff, 0xc3, 0x80, 0xd,
    0xe0, 0x1f, 0xfc, 0x27, 0x20, 0xf, 0xfe, 0x9c,
    0x8, 0x7, 0xff, 0x8, 0x64, 0x0, 0xc6, 0x1,
    0xff, 0xc1, 0x18, 0x0, 0xff, 0xea, 0xd8, 0x7,
    0xff, 0xd, 0x88, 0x60, 0x3, 0xff, 0x85, 0x60,
    0x1f, 0xfd, 0x65, 0x30, 0xf, 0xfe, 0x1f, 0x40,
    0x80, 0x7f, 0xf0, 0x4d, 0x40, 0x3f, 0xfa, 0xfe,
    0x1, 0xff, 0xc3, 0x36, 0x0, 0xff, 0xe1, 0x70,
    0x7, 0xff, 0x60, 0xd8, 0x3, 0xff, 0xa2, 0xc4,
    0x1, 0xff, 0xd9, 0x81, 0x0, 0xff, 0xe7, 0x8c,
    0x80, 0x7f, 0xf6, 0x86, 0x0, 0x3f, 0xf9, 0xf0,
    0x1, 0xff, 0xdc, 0x63, 0x0, 0xff, 0xe6, 0x9b,
    0x0, 0x7f, 0xf7, 0x7c, 0x3, 0xff, 0x9b, 0xe0,
    0x1f, 0xfd, 0xe3, 0x60, 0xf, 0xfe, 0x5b, 0x18,
    0x7, 0xff, 0x7e, 0x4, 0x3, 0xff, 0x92, 0x30,
    0x1, 0xff, 0xe0, 0x18, 0x0, 0xff, 0xe4, 0xc0,
    0x80, 0x7f, 0xf8, 0x58, 0xc0, 0x3f, 0xf8, 0xe6,
    0xc0, 0x1f, 0xfe, 0x3f, 0x0, 0xff, 0xe3, 0xf8,
    0x7, 0xff, 0x90, 0xd8, 0x3, 0xff, 0x8a, 0xc6,
    0x1, 0xff, 0xe5, 0x80, 0xf, 0xfe, 0x20, 0xc0,
    0x7, 0xff, 0x98, 0x60, 0x3, 0xff, 0x87, 0x2,
    0x1, 0xff, 0xe7, 0x20, 0xf, 0xfe, 0x1a, 0x80,
    0x7f, 0xff, 0xc0, 0x3f, 0xff, 0xe0, 0x1f, 0xff,
    0xf0, 0xf, 0xff, 0xf8, 0x7, 0xff, 0xfc, 0x3,
    0xff, 0xfe, 0x1, 0xff, 0xff, 0x0, 0xff, 0xff,
    0x80, 0x7f, 0xff, 0xc0, 0x3f, 0xff, 0xe0, 0x1f,
    0xff, 0xf0, 0xf, 0xff, 0xf8, 0x7, 0xff, 0xfc,
    0x3, 0xff, 0xfe, 0x1, 0xff, 0xff, 0x0, 0xff,
    0xff, 0x80, 0x7f, 0xff, 0xc0, 0x3f, 0xff, 0xe0,
    0x1f, 0xff, 0xf0, 0xf, 0xff, 0xf8, 0x7, 0xff,
    0xfc, 0x3, 0xff, 0xb4,

    /* U+005A "Z" */
    0x9, 0xff, 0xff, 0xf6, 0x0, 0x7f, 0xff, 0xc0,
    0x3f, 0xff, 0xe0, 0x1f, 0xff, 0xf0, 0xf, 0xff,
    0xf8, 0x7, 0xff, 0xfc, 0x3, 0xff, 0xfe, 0x1,
    0xff, 0xff, 0x0, 0xff, 0xff, 0x20, 0x7, 0xff,
    0xb8, 0xac, 0x2, 0xe2, 0x2f, 0xfe, 0xb8, 0x80,
    0x7f, 0xf1, 0x47, 0xc0, 0x33, 0xee, 0xff, 0xf5,
    0xb0, 0x3, 0xff, 0x8d, 0x44, 0x1, 0xff, 0xdb,
    0xc1, 0x0, 0xff, 0xe2, 0x4a, 0x0, 0x7f, 0xf6,
    0xe8, 0x80, 0x3f, 0xf8, 0x8c, 0xc0, 0xf, 0xfe,
    0xdc, 0x28, 0x7, 0xff, 0x10, 0xe4, 0x3, 0xff,
    0xb6, 0xae, 0x1, 0xff, 0xc4, 0x1d, 0x0, 0xff,
    0xed, 0x95, 0x0, 0x7f, 0xf1, 0x74, 0x40, 0x3f,
    0xfb, 0x43, 0x80, 0x1f, 0xfc, 0x5a, 0x30, 0xf,
    0xfe, 0xde, 0x88, 0x7, 0xff, 0x11, 0xd4, 0x3,
    0xff, 0xb7, 0x26, 0x1, 0xff, 0xc4, 0x48, 0x0,
    0xff, 0xed, 0xb3, 0x0, 0x3f, 0xf8, 0x85, 0x60,
    0x1f, 0xfd, 0xb4, 0x90, 0xf, 0xfe, 0x20, 0xf8,
    0x7, 0xff, 0x6c, 0xa8, 0x3, 0xff, 0x8b, 0x44,
    0x1, 0xff, 0xdb, 0xf1, 0x0, 0xff, 0xe2, 0x4a,
    0x0, 0x7f, 0xf6, 0xec, 0x80, 0x3f, 0xf8, 0x8c,
    0xc0, 0xf, 0xfe, 0xdc, 0x20, 0x7, 0xff, 0x10,
    0xe4, 0x3, 0xff, 0xb6, 0xae, 0x1, 0xff, 0xc4,
    0x1d, 0x0, 0xff, 0xed, 0x9d, 0x0, 0x7f, 0xf1,
    0x74, 0x40, 0x3f, 0xfb, 0x43, 0xa0, 0x1f, 0xfc,
    0x5a, 0x30, 0xf, 0xfe, 0xde, 0x88, 0x7, 0xff,
    0x11, 0xd4, 0x3, 0xff, 0xb7, 0x26, 0x1, 0xff,
    0xc4, 0x48, 0x0, 0xff, 0xed, 0xb3, 0x0, 0x3f,
    0xf8, 0x85, 0x40, 0x1f, 0xfd, 0xb4, 0x90, 0xf,
    0xfe, 0x2f, 0x88, 0x7, 0xff, 0x68, 0xa8, 0x3,
    0xff, 0x8b, 0x64, 0x1, 0xff, 0xdb, 0xf1, 0x0,
    0xff, 0xe2, 0x42, 0x0, 0x7f, 0xf6, 0xec, 0x80,
    0x3f, 0xf8, 0x8a, 0xe0, 0x1f, 0xfd, 0xb8, 0x40,
    0xf, 0xfe, 0x21, 0xd0, 0x7, 0xff, 0x6d, 0x5c,
    0x3, 0xff, 0x88, 0x3a, 0x1, 0xff, 0xdb, 0x3a,
    0x0, 0xff, 0xe2, 0xe8, 0x80, 0x7f, 0xf6, 0x87,
    0x40, 0x3f, 0xf8, 0xb4, 0x60, 0x1f, 0xfd, 0xbd,
    0x10, 0xf, 0xfe, 0x23, 0xa8, 0x7, 0xff, 0x6e,
    0x8c, 0x3, 0xff, 0x88, 0x90, 0x1, 0xff, 0xdb,
    0x75, 0x0, 0xff, 0xe2, 0x15, 0x0, 0x7f, 0xf6,
    0xd2, 0x0, 0x3f, 0xf8, 0xbe, 0x20, 0x1f, 0xfd,
    0xa2, 0xb0, 0xf, 0xfe, 0x2d, 0x90, 0x7, 0xff,
    0x68, 0x7c, 0x3, 0xff, 0x8b, 0x8, 0x1, 0xff,
    0xdb, 0xa2, 0x0, 0xff, 0xe2, 0x2b, 0x80, 0x7f,
    0xf6, 0xe1, 0x0, 0x3f, 0xf8, 0x87, 0x40, 0x1f,
    0xfd, 0xb5, 0x70, 0xf, 0xfe, 0x20, 0xe8, 0x7,
    0xff, 0x6c, 0xe8, 0x3, 0xff, 0x8b, 0xa2, 0x1,
    0xff, 0xda, 0x1d, 0x0, 0xff, 0xe2, 0xd1, 0x80,
    0x7f, 0xf6, 0xf4, 0x40, 0x3f, 0xf8, 0x8e, 0xa0,
    0x1f, 0xfd, 0xba, 0x30, 0xf, 0xfe, 0x22, 0x40,
    0x7, 0xff, 0x6d, 0xd4, 0x3, 0xff, 0x8a, 0xdb,
    0xbf, 0xfd, 0x95, 0x4, 0x80, 0xf, 0xfe, 0x31,
    0x17, 0xff, 0x68, 0xca, 0xc0, 0x3f, 0xfd, 0xce,
    0x1, 0xff, 0xff, 0x0, 0xff, 0xff, 0x80, 0x7f,
    0xff, 0xc0, 0x3f, 0xff, 0xe0, 0x1f, 0xff, 0xf0,
    0xf, 0xff, 0xf8, 0x7, 0xff, 0xfc, 0x3, 0xff,
    0xfc
};


/*---------------------
 *  GLYPH DESCRIPTION
 *--------------------*/

static const lv_font_fmt_txt_glyph_dsc_t glyph_dsc[] = {
    {.bitmap_index = 0, .adv_w = 0, .box_w = 0, .box_h = 0, .ofs_x = 0, .ofs_y = 0} /* id = 0 reserved */,
    {.bitmap_index = 0, .adv_w = 1043, .box_w = 59, .box_h = 71, .ofs_x = 3, .ofs_y = -1},
    {.bitmap_index = 799, .adv_w = 602, .box_w = 30, .box_h = 69, .ofs_x = 0, .ofs_y = -1},
    {.bitmap_index = 899, .adv_w = 906, .box_w = 54, .box_h = 70, .ofs_x = 0, .ofs_y = 0},
    {.bitmap_index = 1464, .adv_w = 909, .box_w = 55, .box_h = 69, .ofs_x = -1, .ofs_y = -1},
    {.bitmap_index = 1987, .adv_w = 1058, .box_w = 64, .box_h = 69, .ofs_x = 2, .ofs_y = -1},
    {.bitmap_index = 2447, .adv_w = 914, .box_w = 55, .box_h = 69, .ofs_x = 0, .ofs_y = -1},
    {.bitmap_index = 3006, .adv_w = 978, .box_w = 57, .box_h = 70, .ofs_x = 3, .ofs_y = -1},
    {.bitmap_index = 3783, .adv_w = 952, .box_w = 55, .box_h = 68, .ofs_x = 2, .ofs_y = 0},
    {.bitmap_index = 4256, .adv_w = 1014, .box_w = 57, .box_h = 71, .ofs_x = 3, .ofs_y = -1},
    {.bitmap_index = 5070, .adv_w = 978, .box_w = 57, .box_h = 70, .ofs_x = 1, .ofs_y = -1},
    {.bitmap_index = 5831, .adv_w = 402, .box_w = 19, .box_h = 54, .ofs_x = 3, .ofs_y = -1},
    {.bitmap_index = 6054, .adv_w = 1177, .box_w = 76, .box_h = 69, .ofs_x = -1, .ofs_y = 0},
    {.bitmap_index = 6849, .adv_w = 1175, .box_w = 63, .box_h = 68, .ofs_x = 7, .ofs_y = 0},
    {.bitmap_index = 7315, .adv_w = 1112, .box_w = 65, .box_h = 71, .ofs_x = 3, .ofs_y = -1},
    {.bitmap_index = 8035, .adv_w = 1269, .box_w = 69, .box_h = 68, .ofs_x = 7, .ofs_y = 0},
    {.bitmap_index = 8519, .adv_w = 1031, .box_w = 53, .box_h = 68, .ofs_x = 7, .ofs_y = 0},
    {.bitmap_index = 8702, .adv_w = 982, .box_w = 52, .box_h = 68, .ofs_x = 7, .ofs_y = 0},
    {.bitmap_index = 8878, .adv_w = 1184, .box_w = 66, .box_h = 71, .ofs_x = 3, .ofs_y = -1},
    {.bitmap_index = 9563, .adv_w = 1241, .box_w = 63, .box_h = 68, .ofs_x = 7, .ofs_y = 0},
    {.bitmap_index = 9763, .adv_w = 504, .box_w = 17, .box_h = 68, .ofs_x = 7, .ofs_y = 0},
    {.bitmap_index = 9818, .adv_w = 831, .box_w = 47, .box_h = 69, .ofs_x = -2, .ofs_y = -1},
    {.bitmap_index = 10150, .adv_w = 1137, .box_w = 66, .box_h = 68, .ofs_x = 7, .ofs_y = 0},
    {.bitmap_index = 10715, .adv_w = 928, .box_w = 51, .box_h = 68, .ofs_x = 7, .ofs_y = 0},
    {.bitmap_index = 10875, .adv_w = 1467, .box_w = 77, .box_h = 68, .ofs_x = 7, .ofs_y = 0},
    {.bitmap_index = 11497, .adv_w = 1241, .box_w = 63, .box_h = 68, .ofs_x = 7, .ofs_y = 0},
    {.bitmap_index = 11858, .adv_w = 1296, .box_w = 75, .box_h = 71, .ofs_x = 3, .ofs_y = -1},
    {.bitmap_index = 12742, .adv_w = 1124, .box_w = 60, .box_h = 68, .ofs_x = 7, .ofs_y = 0},
    {.bitmap_index = 13131, .adv_w = 1296, .box_w = 78, .box_h = 85, .ofs_x = 3, .ofs_y = -16},
    {.bitmap_index = 14204, .adv_w = 1129, .box_w = 61, .box_h = 68, .ofs_x = 7, .ofs_y = 0},
    {.bitmap_index = 14684, .adv_w = 980, .box_w = 57, .box_h = 70, .ofs_x = 2, .ofs_y = -1},
    {.bitmap_index = 15384, .adv_w = 949, .box_w = 59, .box_h = 68, .ofs_x = 0, .ofs_y = 0},
    {.bitmap_index = 15566, .adv_w = 1210, .box_w = 62, .box_h = 69, .ofs_x = 7, .ofs_y = -1},
    {.bitmap_index = 16021, .adv_w = 1146, .box_w = 74, .box_h = 68, .ofs_x = -1, .ofs_y = 0},
    {.bitmap_index = 16865, .adv_w = 1786, .box_w = 108, .box_h = 68, .ofs_x = 2, .ofs_y = 0},
    {.bitmap_index = 18317, .adv_w = 1097, .box_w = 69, .box_h = 68, .ofs_x = 0, .ofs_y = 0},
    {.bitmap_index = 19179, .adv_w = 1038, .box_w = 69, .box_h = 68, .ofs_x = -2, .ofs_y = 0},
    {.bitmap_index = 19807, .adv_w = 1031, .box_w = 60, .box_h = 68, .ofs_x = 3, .ofs_y = 0}
};

/*---------------------
 *  CHARACTER MAPPING
 *--------------------*/



/*Collect the unicode lists and glyph_id offsets*/
static const lv_font_fmt_txt_cmap_t cmaps[] =
{
    {
        .range_start = 48, .range_length = 11, .glyph_id_start = 1,
        .unicode_list = NULL, .glyph_id_ofs_list = NULL, .list_length = 0, .type = LV_FONT_FMT_TXT_CMAP_FORMAT0_TINY
    },
    {
        .range_start = 65, .range_length = 26, .glyph_id_start = 12,
        .unicode_list = NULL, .glyph_id_ofs_list = NULL, .list_length = 0, .type = LV_FONT_FMT_TXT_CMAP_FORMAT0_TINY
    }
};



/*--------------------
 *  ALL CUSTOM DATA
 *--------------------*/

#if LVGL_VERSION_MAJOR == 8
/*Store all the custom data of the font*/
static  lv_font_fmt_txt_glyph_cache_t cache;
#endif

#if LVGL_VERSION_MAJOR >= 8
static const lv_font_fmt_txt_dsc_t font_dsc = {
#else
static lv_font_fmt_txt_dsc_t font_dsc = {
#endif
    .glyph_bitmap = glyph_bitmap,
    .glyph_dsc = glyph_dsc,
    .cmaps = cmaps,
    .kern_dsc = NULL,
    .kern_scale = 0,
    .cmap_num = 2,
    .bpp = 4,
    .kern_classes = 0,
    .bitmap_format = 1,
#if LVGL_VERSION_MAJOR == 8
    .cache = &cache
#endif
};

extern const lv_font_t lv_font_montserrat_48;


/*-----------------
 *  PUBLIC FONT
 *----------------*/

/*Initialize a public general font descriptor*/
#if LVGL_VERSION_MAJOR >= 8
const lv_font_t lv_font_montserrat_bold_96 = {
#else
lv_font_t lv_font_montserrat_bold_96 = {
#endif
    .get_glyph_dsc = lv_font_get_glyph_dsc_fmt_txt,    /*Function pointer to get glyph's data*/
    .get_glyph_bitmap = lv_font_get_bitmap_fmt_txt,    /*Function pointer to get glyph's bitmap*/
    .line_height = 86,          /*The maximum line height required by the font*/
    .base_line = 16,             /*Baseline measured from the bottom of the line*/
#if !(LVGL_VERSION_MAJOR == 6 && LVGL_VERSION_MINOR == 0)
    .subpx = LV_FONT_SUBPX_NONE,
#endif
#if LV_VERSION_CHECK(7, 4, 0) || LVGL_VERSION_MAJOR >= 8
    .underline_position = -10,
    .underline_thickness = 5,
#endif
    .dsc = &font_dsc,          /*The custom font data. Will be accessed by `get_glyph_bitmap/dsc` */
#if LV_VERSION_CHECK(8, 2, 0) || LVGL_VERSION_MAJOR >= 9
    .fallback = &lv_font_montserrat_48,
#endif
    .user_data = NULL,
};



#endif /*#if LV_FONT_MONTSERRAT_BOLD_96*/

